Employee_Number,DailyRate,HourlyRate,MonthlyIncome,MonthlyRate,PercantageSalaryHike,Stockoptionalevel,Overtime
1,1102,94,5993,19479,11,0,Yes
2,279,61,5130,24907,23,1,No
4,1373,92,2090,2396,15,0,Yes
5,1392,56,2909,23159,11,0,Yes
7,591,40,3468,16632,12,1,No
8,1005,79,3068,11864,13,0,No
10,1324,81,2670,9964,20,3,Yes
11,1358,67,2693,13335,22,1,No
12,216,44,9526,8787,21,0,No
13,1299,94,5237,16577,13,2,No
14,809,84,2426,16479,13,1,No
15,153,49,4193,12682,12,0,Yes
16,670,31,2911,15170,17,1,No
18,1346,93,2661,8758,11,1,No
19,103,50,2028,12947,14,0,Yes
20,1389,51,9980,10195,11,1,No
21,334,80,3298,15053,12,2,Yes
22,1123,96,2935,7324,13,2,Yes
23,1219,78,15427,22021,16,0,No
24,371,45,3944,4306,11,0,Yes
26,673,96,4011,8232,18,1,No
27,1218,82,3407,6986,23,0,No
28,419,53,11994,21293,11,0,No
30,391,96,1232,19281,14,0,No
31,699,83,2960,17102,11,0,No
32,1282,58,19094,10735,11,1,No
33,1125,72,3919,4681,22,0,Yes
35,691,48,6825,21173,11,1,No
36,477,42,10248,2094,14,1,No
38,705,83,18947,22822,12,0,No
39,924,78,2496,6670,11,0,No
40,1459,41,6465,19121,13,0,Yes
41,125,83,2206,16117,13,0,No
42,895,56,2086,3335,14,1,No
45,813,61,2293,3020,16,1,Yes
46,1273,72,2645,21923,12,2,No
47,869,86,2683,3810,14,0,Yes
49,890,97,2014,9687,13,0,No
51,852,82,3419,13072,14,1,Yes
52,1141,42,5376,3193,19,2,No
53,464,75,1951,10910,12,1,No
54,1240,33,2341,19715,13,1,No
55,1357,48,2293,10558,12,0,No
56,994,37,8726,2975,15,0,No
57,721,58,4011,10781,23,0,No
58,1360,49,19545,16280,12,0,No
60,1065,72,4568,10034,20,0,No
61,408,73,3022,10227,21,0,No
62,1211,98,5772,20445,21,0,Yes
63,1229,36,2269,4892,19,0,No
64,626,98,5381,19294,13,0,Yes
65,1434,50,3441,11179,13,0,Yes
68,1488,75,5454,4009,21,1,Yes
70,1097,79,9884,8302,13,1,Yes
72,1443,47,4157,21436,19,1,Yes
73,515,98,13458,15146,12,0,Yes
74,853,71,9069,11031,22,1,No
75,1142,30,4014,16002,15,1,Yes
76,655,48,5915,9528,22,1,No
77,1115,51,5993,2689,18,1,No
78,427,33,6162,10877,22,1,Yes
79,653,50,2406,5456,11,0,No
80,989,43,18740,16701,12,1,Yes
81,1435,99,7637,2354,11,0,No
83,1223,59,10096,8202,13,3,No
84,836,33,14756,19730,14,3,Yes
85,1195,95,6499,22656,13,0,No
86,1339,59,9724,18787,17,1,No
88,664,79,2194,5868,13,1,No
90,318,79,3388,21777,17,1,Yes
91,1225,57,5473,24668,11,0,No
94,1328,76,2703,4956,23,1,No
95,1082,87,2501,18775,17,0,No
96,548,66,6220,7346,17,2,No
97,132,55,3038,22002,12,0,No
98,746,61,4424,20682,23,0,No
100,776,32,4312,23016,14,0,No
101,193,52,13245,15067,14,0,Yes
102,397,30,13664,25258,13,0,No
103,945,80,5021,10425,22,1,Yes
104,852,55,5126,15998,12,2,Yes
105,1214,30,2859,26278,18,0,No
106,111,70,10239,18092,14,1,No
107,573,79,5329,15717,12,3,Yes
110,1153,94,4325,17736,15,0,No
112,1400,49,7260,21698,11,0,No
113,541,62,2322,9518,13,1,No
116,432,96,2075,18725,23,2,No
117,288,99,4152,15830,19,3,No
118,669,64,9619,13596,16,0,No
119,530,78,13503,14115,22,1,No
120,632,71,5441,8423,22,0,Yes
121,1334,63,5209,19760,12,3,Yes
124,638,40,10673,3142,13,1,Yes
125,1093,87,5010,24301,16,0,No
126,1217,60,13549,24001,12,1,No
128,1353,33,4999,17519,21,1,No
129,120,43,4221,8863,15,0,No
131,682,37,13872,24409,13,0,No
132,489,67,2042,25043,12,1,No
133,807,63,2073,23648,22,0,Yes
134,827,71,2956,15178,13,0,No
137,871,66,2926,19783,18,0,Yes
138,665,41,4809,12482,14,0,No
139,1040,100,5163,15850,14,1,No
140,1420,32,18844,21922,21,1,No
141,1115,73,18172,9755,19,0,Yes
142,240,46,5744,26959,11,0,Yes
143,1280,64,2889,26897,11,2,No
144,534,59,2871,23785,15,0,No
145,1456,30,7484,25796,20,0,No
147,658,66,6074,22887,24,0,Yes
148,142,30,17328,13871,12,0,Yes
150,1127,52,2774,13257,12,1,No
151,1031,45,4505,15000,15,1,No
152,1189,87,7428,14506,12,0,No
153,1354,45,11631,5615,12,0,No
154,1467,92,9738,22952,14,1,No
155,922,39,2835,2561,22,1,No
158,394,92,16959,19494,12,2,Yes
159,1312,96,2613,22310,25,3,No
160,750,95,6146,15480,13,1,No
161,441,72,4963,4510,18,3,Yes
162,684,51,19537,6462,13,0,No
163,249,76,6172,20739,18,0,Yes
164,841,46,2368,23300,19,0,No
165,147,94,10312,3465,12,1,No
167,528,50,1675,26820,19,0,Yes
169,594,100,2523,19299,14,1,No
170,470,96,6567,5549,14,0,No
171,957,72,4739,16090,12,0,No
174,809,77,9208,6645,11,0,No
175,542,71,4559,24788,11,1,Yes
176,802,96,8189,21196,13,1,Yes
177,1355,61,2942,8916,23,1,No
178,216,84,4941,2819,20,2,No
179,1150,53,10650,25150,15,0,No
182,1329,47,5902,14590,14,1,No
183,959,41,8639,24835,18,0,No
184,1240,48,6347,13982,19,0,Yes
190,1033,41,4200,10224,22,0,No
192,1316,83,3452,9752,13,0,No
193,364,32,4317,2302,20,0,Yes
194,438,75,2632,23910,14,0,No
195,689,35,4668,22812,17,3,No
197,201,84,3204,10415,14,1,No
198,1427,35,2720,11162,13,0,No
199,857,91,17181,12888,13,1,No
200,933,94,2238,6961,21,1,No
201,1181,79,1483,16102,14,0,No
202,1395,54,5605,8504,11,1,No
204,662,94,7295,11439,13,2,No
205,1436,34,2306,16047,20,1,Yes
206,194,60,2348,10901,18,1,No
207,967,43,8998,15589,14,0,No
208,1496,41,4319,26283,13,1,No
211,1169,34,6132,13983,17,0,No
214,1145,75,3346,11873,20,1,Yes
215,630,67,10855,8552,11,1,No
216,303,75,2231,11314,18,1,No
217,1256,80,2323,11992,24,2,No
218,691,57,2024,5970,18,1,No
221,440,42,2713,6672,11,1,No
223,334,83,9439,23402,16,1,Yes
224,1450,79,2566,25326,15,1,Yes
226,1452,53,19926,17053,15,0,No
227,465,56,2451,4609,12,1,No
228,1339,41,9419,8053,12,1,No
230,702,59,8686,12930,22,0,No
231,120,43,3038,12430,20,0,No
233,1157,51,3058,13364,16,1,Yes
235,602,100,2325,20989,21,0,No
238,1480,30,2088,15062,12,0,No
239,111,66,3072,11012,11,2,No
240,1268,30,5006,6319,11,1,Yes
241,713,67,4257,13939,18,1,Yes
242,134,90,2500,10515,14,0,No
243,303,47,1102,9241,22,0,No
244,526,92,10453,2137,25,3,No
245,1380,75,2288,6319,12,0,No
246,140,95,3929,6984,23,1,Yes
247,629,95,2311,5711,15,0,No
248,1356,70,3140,21728,22,0,Yes
249,328,86,3690,3425,15,1,No
250,1084,57,4450,26250,11,2,No
252,931,72,2756,4673,13,1,No
253,989,46,19033,6499,14,1,No
254,692,61,18722,13339,11,0,No
256,1069,45,9547,14074,17,0,No
258,313,98,13734,7192,18,0,No
259,699,65,19999,5678,14,1,No
260,894,99,2279,11781,16,0,No
261,556,50,5916,15497,13,0,Yes
262,1344,37,2089,5228,14,3,No
264,1195,65,16792,20462,23,1,No
267,290,65,3564,22977,12,1,Yes
269,138,37,4425,15986,11,0,No
270,926,36,5265,16439,16,1,No
271,1261,88,6553,7259,14,0,No
273,1084,54,6261,4185,18,1,No
274,472,60,4298,9679,19,1,No
275,1002,92,6804,23793,15,2,Yes
277,878,43,3815,5972,17,1,Yes
281,905,99,2741,16523,15,1,Yes
282,1180,70,6673,11354,19,0,Yes
283,121,35,7639,24525,22,3,No
284,1136,60,2328,12392,16,1,Yes
286,635,73,2153,7703,13,0,No
287,1151,63,4876,14242,14,1,No
288,644,97,9396,12368,16,1,No
291,1045,32,10400,25812,11,0,No
292,829,88,8474,20925,22,0,No
293,1242,90,9981,12916,14,0,No
296,1469,81,12490,15736,16,2,No
297,1005,88,2657,8556,11,0,Yes
298,896,75,13591,14674,18,0,Yes
299,334,52,6696,22967,15,0,No
300,992,85,2058,19757,14,0,No
302,1052,57,8865,16840,12,0,No
303,1147,52,5940,17011,14,1,No
304,1396,62,5914,9945,16,0,No
305,147,47,2622,13248,21,0,No
306,663,47,12185,10056,14,3,Yes
307,119,76,10609,9647,12,2,No
308,979,90,4345,4381,12,1,No
309,142,70,2177,8456,17,1,No
311,319,41,2793,2539,17,1,No
312,1413,42,7918,6599,14,1,No
314,944,92,8789,9096,14,0,No
315,896,86,2389,14961,13,0,Yes
316,1323,89,3212,3300,15,0,No
319,532,58,19232,4933,11,0,No
321,818,52,2267,25657,17,0,No
323,854,68,19517,24118,11,1,No
325,813,58,2436,22149,13,1,Yes
327,1034,80,16064,7744,22,1,Yes
328,465,39,2707,21509,20,0,No
329,771,79,19068,21030,18,0,Yes
330,1401,56,3931,20990,11,1,No
331,515,62,3730,9571,14,0,Yes
332,1431,96,2232,15417,14,3,No
333,976,100,4465,12069,18,0,No
334,1411,36,3072,19877,16,2,No
335,1300,62,3319,24447,17,2,No
336,252,70,19202,15970,11,1,No
337,1327,73,13675,13523,12,1,No
338,832,63,2911,14776,13,1,No
339,470,84,5957,23687,13,1,No
340,1017,83,3920,18697,14,1,No
341,1199,77,6434,5118,17,1,No
342,504,61,10048,22573,11,2,No
343,505,64,10938,6420,25,0,No
346,665,60,2340,22673,19,0,No
347,916,82,6545,23016,13,0,Yes
349,1247,45,6931,10732,14,1,No
350,685,62,4898,7505,12,2,No
351,269,56,2593,8007,11,1,Yes
352,1416,49,19436,5949,19,1,No
353,833,96,2723,23231,11,0,No
355,307,71,3479,11652,11,0,No
359,1311,100,2794,26062,20,0,No
361,1327,39,5249,19682,18,1,No
362,128,84,2176,19737,13,0,No
363,488,75,16872,14977,12,1,Yes
364,529,79,3485,14935,11,0,No
366,1210,78,6644,3687,19,2,No
367,1463,64,5582,14408,21,1,No
369,675,85,4000,18384,12,2,No
372,1385,79,13496,7501,14,0,Yes
373,1403,47,3210,20251,11,1,No
374,452,81,19045,18938,14,0,Yes
376,666,88,11849,10268,12,1,Yes
377,1158,94,2070,2613,23,1,No
378,228,98,6502,22825,14,1,No
379,996,100,3230,10531,17,0,No
380,728,80,13603,11677,18,2,Yes
381,1315,71,11996,19100,18,1,No
382,322,44,5605,19191,24,1,Yes
384,1479,84,6397,26767,20,1,No
385,797,96,19144,15815,14,2,No
386,1070,45,17584,21016,16,3,Yes
387,635,99,4907,24532,25,0,No
388,442,44,4554,20260,18,0,No
389,147,37,5415,15972,19,1,Yes
390,496,60,4741,22722,13,1,Yes
391,1372,42,2115,15881,12,0,No
392,920,43,3161,19920,22,1,Yes
393,688,82,5745,18899,14,1,No
394,1449,45,2373,14180,13,1,Yes
395,1117,66,3310,4488,21,0,No
396,636,35,18665,25594,11,0,Yes
397,506,30,4485,26285,12,0,No
399,444,84,2789,3909,11,1,No
401,950,48,5828,8450,12,0,Yes
403,889,53,2326,11411,12,3,Yes
404,555,77,13525,14864,14,1,No
405,230,54,1420,25233,13,0,No
406,1232,96,8020,5100,15,2,No
407,566,81,3688,7122,18,2,No
408,1302,84,5482,16321,18,1,No
410,334,88,16015,15896,19,0,No
411,812,69,1200,9724,12,0,No
412,1476,68,5661,4824,19,0,No
416,218,100,6929,12241,11,1,No
417,1132,48,9613,10942,17,3,No
419,1105,47,5674,6927,15,1,No
420,906,91,5484,16985,14,1,No
421,849,81,12061,26707,17,1,No
422,390,32,5660,17056,13,1,Yes
423,691,86,4821,10077,12,1,Yes
424,106,62,6410,17822,12,0,No
425,1249,97,5210,20308,18,1,No
426,192,32,2695,7747,18,1,Yes
428,553,74,11878,23364,11,2,No
429,117,99,17068,5355,14,0,Yes
430,185,33,2455,10675,19,0,No
431,1091,90,13964,17810,12,0,Yes
433,723,85,4941,17747,15,0,No
434,1220,85,2478,20938,12,0,Yes
436,588,65,5228,24624,11,0,Yes
437,1377,74,4478,5242,11,0,Yes
438,691,73,7547,7143,12,3,No
439,1018,74,5055,10557,16,0,No
440,1157,84,3464,24737,13,0,Yes
441,1275,64,5775,11934,13,2,No
442,798,48,8943,14034,24,1,No
444,672,54,19272,21141,15,1,No
445,1162,41,5238,17778,18,0,Yes
446,508,46,4682,4317,14,0,No
447,1482,42,18300,16375,11,1,No
448,559,82,5257,6227,11,1,No
449,210,73,6349,22107,13,1,Yes
450,928,31,4869,16885,12,0,No
451,1001,43,9985,9262,16,1,No
452,549,75,3697,9278,14,2,No
453,1124,57,7457,13273,22,3,Yes
454,318,77,2119,4759,11,0,Yes
455,738,30,3983,7621,17,0,No
456,570,30,6118,5431,13,3,No
458,1130,56,6214,3415,18,1,No
460,1192,61,6347,23177,16,2,No
461,343,92,11510,15682,14,1,Yes
462,1232,39,7143,25713,14,0,Yes
463,144,39,8268,11866,14,2,Yes
464,1296,62,8095,18264,13,0,No
465,1309,83,2904,16092,12,2,No
466,483,95,6032,10110,15,0,Yes
467,1309,99,2976,25751,19,0,No
468,810,44,15992,15901,14,0,No
469,746,61,4649,16928,14,1,No
470,544,52,2696,24017,11,1,Yes
471,1062,75,2370,3956,13,1,No
473,530,91,12504,23978,21,1,No
474,1319,51,5974,17001,13,2,Yes
475,641,85,4736,6069,12,1,Yes
476,933,57,5296,20156,17,1,No
477,1332,98,6781,17078,23,0,No
478,756,99,2174,9150,11,0,Yes
479,845,45,6653,15276,15,0,No
481,541,48,9699,7246,11,1,No
482,593,88,6755,2967,11,0,No
483,1171,46,2213,22495,13,1,Yes
484,895,39,2610,2851,24,0,No
485,350,34,2851,9150,13,0,Yes
486,921,98,3452,17663,20,1,No
487,1144,30,5258,16044,14,0,No
488,143,56,9355,9558,18,0,No
491,1046,100,10496,2755,15,0,No
492,575,68,6380,6110,12,2,Yes
493,408,42,2657,7551,16,0,Yes
494,156,90,2716,25422,15,0,No
495,1283,54,2201,18168,16,0,No
496,755,97,6540,19394,19,0,No
497,1469,82,3816,17881,11,1,No
498,304,92,5253,20750,16,0,No
499,1261,31,10965,12066,24,0,No
500,1178,87,4936,14862,11,1,No
501,329,96,2543,11868,13,1,No
502,1362,67,5304,4652,13,0,Yes
505,1311,97,16659,23258,13,0,Yes
507,1371,77,4260,5915,12,1,Yes
508,202,72,2476,17434,18,1,No
510,575,73,3102,6582,22,0,No
511,253,43,2244,24440,13,1,No
513,164,61,7596,3809,13,2,No
514,464,40,2285,3427,23,0,Yes
515,1107,95,3034,26914,12,1,No
516,759,46,5715,22553,12,2,No
517,201,95,2576,20490,16,1,No
518,1305,49,4197,21123,12,0,Yes
520,982,59,14336,4345,11,1,No
521,555,78,3448,13436,22,1,No
522,821,86,19406,8509,11,1,No
523,1381,72,6538,12740,15,1,No
524,480,31,4306,4156,12,1,No
525,313,61,2258,15238,20,1,No
526,1473,74,4522,2227,14,0,Yes
527,891,99,4487,12090,11,0,Yes
529,1063,72,4449,23866,15,2,Yes
530,329,98,2218,16193,12,1,No
531,1218,52,19197,8213,14,1,Yes
532,906,86,13212,18256,11,3,No
533,1082,83,6577,19558,11,0,No
534,645,49,8392,19566,16,1,No
536,1300,79,4558,13535,12,1,No
538,688,91,4031,9396,13,1,No
543,319,39,7969,19609,14,0,Yes
544,192,69,2654,9655,21,2,No
546,1490,30,16555,10310,13,0,No
547,532,92,4556,12932,11,1,No
548,317,43,6091,24793,20,0,No
549,422,41,19566,3854,11,0,No
550,1485,87,4810,26314,14,1,No
551,1368,88,4523,4386,11,3,No
554,1448,62,3202,21972,16,0,Yes
555,296,33,2351,12253,16,1,No
556,1490,42,1702,12106,23,1,Yes
558,1398,79,18041,13022,14,0,No
560,1349,90,2886,3032,22,2,No
562,1400,53,2097,16734,15,1,No
564,986,93,11935,21526,18,0,No
565,408,71,2546,18300,16,0,No
566,489,52,2564,18437,12,0,No
567,1398,69,8412,2890,11,0,No
568,210,56,14118,22102,12,1,No
569,1099,88,17046,9314,15,1,No
571,1116,49,2564,7181,14,0,No
573,1499,80,10266,2845,19,0,No
574,983,65,5070,7389,13,3,No
575,1009,51,17861,2288,13,0,No
577,144,46,4230,19225,15,0,No
578,548,42,3780,23428,11,0,No
579,1303,62,2768,8416,12,1,No
580,1125,94,9071,11563,19,1,Yes
581,1274,33,10648,14394,25,1,No
582,1277,56,13610,24619,12,0,Yes
584,587,38,3408,6705,13,3,No
585,413,57,2983,18398,14,0,No
586,1276,72,7632,14295,12,0,Yes
587,534,66,9824,22908,12,0,No
590,988,43,9950,11533,15,3,Yes
591,1474,97,2093,9260,17,1,No
592,635,32,9980,15318,14,0,No
593,1368,99,3894,9129,16,0,No
595,163,37,4051,19658,14,1,No
597,1117,83,16835,9873,23,0,No
599,267,56,6230,13430,14,0,No
600,619,85,4717,18659,11,0,No
601,302,75,13237,20364,15,0,No
602,443,48,3755,17872,11,1,No
604,828,77,6582,8346,13,0,Yes
605,319,56,7406,6950,21,1,Yes
606,561,61,4805,16177,19,1,No
608,426,58,2741,22808,11,1,Yes
611,232,34,4262,22645,12,2,No
612,922,95,16184,22578,19,1,No
613,688,44,11557,25291,21,1,No
614,1306,69,1878,8059,14,0,Yes
615,1094,58,10932,11373,15,1,No
616,509,62,6811,2112,17,0,Yes
618,775,45,4306,4267,12,2,No
620,195,80,4859,6698,16,0,No
621,258,74,5337,19921,12,0,No
622,471,66,2340,23213,18,0,Yes
623,799,59,7491,23848,17,0,No
624,1034,86,10527,8984,11,0,No
625,1276,91,16595,5626,16,1,No
626,142,69,8834,24666,13,1,No
630,956,78,5577,22087,12,2,Yes
631,1474,60,4707,23914,12,0,No
632,535,38,2400,5530,13,2,No
634,1495,76,9824,22174,19,1,No
635,446,65,6447,15701,12,1,No
638,1245,58,19502,2125,17,1,Yes
639,691,89,2725,21630,11,2,Yes
641,703,66,6272,7428,20,2,No
643,823,94,2127,9100,21,1,No
644,1246,99,18200,7999,11,1,No
645,622,40,2096,26376,11,0,No
647,1287,55,2886,14168,16,1,Yes
648,448,74,2033,14470,18,1,No
649,254,83,3622,22794,13,1,Yes
650,1365,46,4233,11512,17,0,No
652,538,54,3681,14004,14,0,No
653,525,66,5460,6219,22,2,No
655,798,66,2187,5013,12,2,No
656,558,75,9602,3010,11,1,Yes
657,959,83,2836,11757,13,0,No
659,622,81,4089,5718,13,2,No
661,782,50,16627,2671,14,1,Yes
662,362,43,2619,14561,17,0,No
663,1001,72,5679,19627,13,1,Yes
664,1236,40,15402,17997,11,1,No
665,1112,50,5985,26894,11,0,No
666,204,31,2579,2912,18,2,Yes
667,1420,85,3041,16346,11,1,No
669,1343,49,3447,24444,11,0,No
671,1315,35,19513,9358,12,1,Yes
675,604,69,2773,12145,20,0,No
677,1216,39,7104,20431,12,0,No
679,646,92,6322,18089,12,1,Yes
680,160,71,2083,22653,20,1,No
682,238,34,8381,7507,20,0,No
683,1397,42,2691,7660,12,1,No
684,306,100,4286,5630,14,2,No
686,991,71,2659,17759,13,1,Yes
689,482,36,9434,9606,15,1,No
690,1176,62,5561,3487,14,1,No
691,1017,82,6646,19368,13,0,No
692,1296,30,7725,5335,23,1,No
698,397,88,10725,6729,15,1,No
699,913,48,8847,13934,11,1,Yes
700,1115,54,2045,15174,13,0,No
701,1362,32,1009,26999,11,0,Yes
702,1076,70,3348,3164,11,0,Yes
704,727,41,1281,16900,18,2,No
705,885,58,2819,8544,16,1,No
707,810,57,4851,15678,22,1,No
709,243,46,4028,7791,20,0,No
710,806,76,2720,18959,18,1,No
712,817,56,8120,18597,12,0,No
714,1410,71,4647,16673,20,2,Yes
715,1225,80,4680,15232,17,0,No
716,1207,74,3221,3297,11,3,Yes
717,1442,46,8621,17654,14,0,No
720,693,65,4577,24785,14,0,No
721,408,80,4553,20978,11,0,No
722,929,55,5396,21703,12,0,No
723,562,50,6796,23452,14,1,Yes
724,827,33,7625,19383,13,0,No
725,608,68,7412,6009,11,0,No
727,1018,39,11159,19373,15,0,No
728,703,42,4960,11825,12,0,No
729,580,48,10475,23772,21,1,Yes
730,970,59,14814,13514,19,0,No
731,427,73,19141,8861,15,3,No
732,1179,84,5405,11924,14,0,No
733,294,32,8793,4809,21,2,No
734,314,59,19189,19562,12,1,No
738,316,54,3875,9983,15,1,No
741,654,67,2216,3872,13,0,Yes
742,427,63,11713,20335,14,1,No
743,168,81,7861,15397,14,0,Yes
744,381,49,3708,2104,14,0,No
746,217,49,13770,10225,12,2,Yes
747,501,99,5304,25275,23,1,No
749,1396,99,2642,2755,11,0,No
752,933,57,2759,20366,12,0,Yes
754,775,47,6804,23683,18,1,No
757,970,96,6142,7360,11,0,No
758,650,37,2500,4344,14,1,No
760,141,44,6389,18767,15,1,No
762,832,81,11103,20420,11,0,No
763,804,86,2342,22929,20,0,Yes
764,975,55,6811,23398,19,0,No
766,1090,83,2297,17967,14,2,No
769,346,86,2450,10919,17,0,No
771,1225,61,5093,4761,11,1,No
772,430,80,5309,21146,15,2,No
773,268,92,3057,20471,13,1,Yes
775,167,32,5121,4187,14,1,No
776,621,31,16856,10084,11,0,No
780,527,63,2686,5207,13,0,Yes
781,883,32,6180,22807,23,0,No
783,954,46,6632,12388,13,0,No
784,310,79,3505,19630,18,0,No
785,719,77,6397,10339,12,0,Yes
786,304,60,6274,18686,22,0,No
787,725,78,19859,21199,13,1,Yes
789,1434,76,7587,14229,15,0,No
791,715,41,4258,26589,18,1,No
792,575,71,4364,5288,14,1,No
793,657,66,4335,25549,12,1,No
796,1146,38,5326,3064,17,0,No
797,182,72,3280,13551,16,0,No
799,376,95,5485,22670,11,2,Yes
800,829,84,4342,24008,19,1,No
802,571,82,2782,19905,13,2,Yes
803,240,75,5980,26085,12,0,Yes
804,121,86,4381,7530,11,0,No
805,384,72,2572,20317,16,1,No
806,921,38,3833,24375,21,2,No
807,791,38,4244,9931,24,1,No
808,1111,93,6500,13305,17,1,No
809,570,66,18430,16225,13,1,No
811,1243,63,1601,3445,21,2,Yes
812,1092,60,2694,26551,11,3,No
813,1325,82,3149,21821,20,1,No
815,691,64,17639,6881,16,0,No
816,805,36,2319,6689,11,1,Yes
817,213,49,11691,25995,11,0,No
819,118,69,5324,26507,15,0,No
820,202,33,16752,12982,11,1,Yes
823,676,35,5228,23361,15,1,No
824,1252,81,2700,23779,24,1,No
825,286,31,19246,25761,12,0,Yes
826,1258,40,2506,13301,13,0,No
827,932,43,6062,4051,13,1,Yes
828,890,46,4382,16374,17,0,No
829,1041,36,2143,25527,13,1,No
830,859,98,6162,19124,12,1,No
832,720,51,5094,11983,14,0,No
833,946,52,6877,20234,24,0,Yes
834,252,95,2274,6153,14,0,No
836,933,98,4434,11806,13,1,No
837,471,45,6288,4284,15,1,No
838,702,100,2553,8306,16,0,No
840,1184,43,7654,5860,18,2,No
842,436,37,5160,21519,16,0,No
843,589,94,17159,5200,24,1,No
844,269,42,12808,8842,16,1,Yes
845,950,59,10221,18869,21,0,No
846,760,81,4779,3698,20,0,Yes
847,829,88,3737,2243,19,1,No
848,887,88,2366,20898,14,1,Yes
850,443,50,1706,16571,11,3,No
851,1318,66,16307,5594,14,1,No
852,625,50,5933,5197,12,0,No
854,180,65,3424,21632,13,0,No
855,586,48,4037,21816,22,1,No
856,1343,53,2559,17852,11,0,No
857,928,56,6201,2823,14,1,Yes
859,117,73,4403,9250,11,1,No
861,1012,75,3761,2373,12,1,No
862,661,78,10934,20715,18,1,Yes
864,930,74,10761,19239,12,1,Yes
865,638,91,5175,22162,12,1,No
867,890,81,13826,19028,22,0,No
868,342,66,6334,24558,19,2,No
869,1169,63,4936,23965,13,1,No
872,1230,33,4775,19146,22,2,No
874,986,62,2818,5044,24,1,Yes
875,1271,35,2515,9068,14,0,Yes
878,1278,77,2342,8635,21,0,No
879,141,98,4194,14363,18,0,Yes
880,607,66,10685,23457,20,1,Yes
881,130,96,2022,16612,19,1,Yes
882,300,61,2314,9148,12,1,No
885,583,87,4256,18154,12,0,No
887,1418,36,3580,10554,16,1,No
888,1269,46,3162,10778,17,0,No
889,379,48,6524,8891,14,1,No
893,395,98,2899,12102,19,1,No
894,1265,95,5231,23726,13,1,Yes
895,1222,48,2356,14871,19,1,Yes
896,341,48,2800,23522,19,3,Yes
897,868,73,11836,22789,14,1,No
899,672,78,10903,9129,16,0,No
900,1231,54,2973,21222,15,1,No
901,102,72,14275,20206,18,0,No
902,422,33,5562,21782,13,1,No
903,249,35,4537,17783,22,1,Yes
904,1252,32,7642,4814,13,0,Yes
905,881,98,17924,4544,11,1,No
909,1383,42,5204,7790,11,2,No
910,1075,57,2277,22650,11,1,Yes
911,374,87,2795,18016,24,0,Yes
912,1086,62,2532,6054,14,3,No
913,661,61,2559,7508,13,0,Yes
916,821,98,4908,24252,14,0,No
918,781,57,2380,13384,14,1,Yes
920,177,55,4765,23814,21,1,No
922,500,49,2044,22052,13,0,No
923,1427,65,2693,8870,19,0,No
924,1425,68,6586,4821,17,1,Yes
925,1454,65,3294,13137,18,0,Yes
926,617,34,4171,10022,19,1,Yes
927,1085,57,2778,17725,13,1,Yes
930,995,77,2377,9834,18,1,No
932,1122,70,2404,4303,21,0,Yes
933,618,76,2318,17808,19,0,No
934,546,83,2008,6896,14,2,No
936,462,68,6244,7824,17,0,No
939,1198,100,2799,3339,11,0,Yes
940,1272,37,10552,9255,13,1,Yes
941,154,41,2329,11737,15,0,No
942,1137,51,4014,19170,25,1,Yes
944,527,51,7403,22477,11,1,No
945,1469,51,2259,5543,17,2,No
947,1188,45,6932,24406,13,1,No
949,188,65,4678,23293,18,0,No
950,1333,80,13582,16292,13,1,No
951,1184,70,2332,3974,20,0,No
952,867,36,2413,18798,18,3,Yes
954,658,67,9705,20652,12,1,No
956,1283,52,4294,11148,12,0,No
957,263,59,4721,3119,13,0,Yes
958,938,79,2519,12287,21,0,No
959,419,37,2121,9947,13,0,Yes
960,129,84,2973,13008,19,0,No
961,616,41,5855,17369,11,2,Yes
964,1469,35,3617,25063,14,1,Yes
966,498,93,6725,13554,12,1,No
967,530,51,10325,5518,11,1,Yes
969,1069,42,6949,12291,14,0,No
970,625,46,10609,14922,11,0,No
972,805,57,4447,23163,12,0,No
974,1404,84,2157,18203,15,1,No
975,1219,86,4601,6179,16,0,No
976,1053,70,17099,13829,15,1,No
977,289,51,2479,26227,24,0,No
981,1376,45,14852,13938,13,1,No
982,231,62,7264,9977,11,1,No
983,152,85,5666,19899,13,0,Yes
984,882,92,7823,6812,13,1,No
985,903,41,7880,2560,18,0,No
986,1479,100,13194,17071,16,0,Yes
987,1379,64,5067,6759,19,0,Yes
990,1229,84,5079,25952,13,2,No
991,335,46,2321,10322,22,0,Yes
992,722,38,17444,20489,11,0,No
994,906,92,2404,11479,20,0,Yes
995,461,53,3452,17241,18,0,No
996,974,91,2270,11005,14,2,No
997,1126,66,17399,6615,22,1,No
998,827,84,5488,20161,13,1,Yes
999,840,64,19419,3735,17,1,No
1001,1134,37,2811,12086,14,1,No
1002,248,42,3633,14039,15,1,Yes
1003,955,83,4163,8571,17,0,Yes
1004,138,48,2132,11539,11,0,Yes
1005,939,95,13973,4161,18,1,Yes
1006,1391,66,2684,12127,17,1,No
1007,566,75,10845,24208,13,1,No
1009,1206,41,4377,24117,15,2,No
1010,622,39,3743,10074,24,1,Yes
1011,853,96,4148,11275,12,1,No
1012,287,73,1051,13493,15,0,No
1013,1441,56,10739,13943,11,1,No
1014,583,57,10388,6975,11,1,Yes
1015,153,73,11416,17802,12,3,Yes
1016,1097,98,2600,18275,15,0,Yes
1017,109,60,2422,25725,17,0,No
1018,1066,32,5472,3334,12,0,No
1019,217,94,2451,6881,15,1,No
1022,277,97,4240,13119,13,0,No
1024,1355,78,10999,22245,14,0,No
1025,549,42,5003,23371,14,0,No
1026,466,65,12742,7060,16,1,No
1027,1055,47,4227,4658,18,1,No
1028,802,45,3917,9541,20,1,No
1029,265,90,18303,7770,13,0,No
1030,804,64,2380,20165,18,0,No
1032,715,69,13726,21829,13,0,Yes
1033,1141,61,4777,14382,15,0,No
1034,135,62,6385,12992,14,2,Yes
1035,247,55,19973,20284,22,2,No
1036,1035,42,6861,4981,12,0,Yes
1037,265,79,4969,21813,18,0,No
1038,266,57,19845,25846,15,1,No
1039,1448,53,13320,11737,18,1,Yes
1040,145,95,6347,24920,12,1,No
1042,885,43,2743,8269,16,0,No
1043,945,82,10880,5083,13,0,Yes
1044,1038,88,2342,21437,19,0,No
1045,1234,90,17650,5404,13,1,No
1046,1109,69,4025,11135,12,0,No
1047,216,75,9725,12278,11,1,No
1048,1089,66,11904,11038,14,1,Yes
1049,788,36,2177,8318,16,0,No
1050,124,38,7525,23537,12,1,No
1052,660,81,4834,7858,14,1,No
1053,342,57,2042,15346,14,1,Yes
1055,1333,87,2220,18410,19,1,Yes
1056,1144,74,1052,23384,22,0,No
1060,1186,44,2821,2997,16,1,No
1061,1464,62,19237,12853,11,1,Yes
1062,124,35,4107,13848,15,0,No
1066,300,74,8396,22217,14,1,No
1068,921,66,2007,25265,13,2,No
1069,430,40,19627,21445,17,2,No
1070,1082,41,10686,8392,11,1,No
1071,1240,63,2942,12154,19,1,No
1073,796,51,8858,15669,11,0,No
1074,444,40,16756,17323,15,0,No
1076,415,79,10798,5268,13,1,No
1077,769,54,2323,17205,14,0,Yes
1079,1334,36,1416,17258,13,0,No
1080,1003,74,4615,21029,23,3,Yes
1081,1323,34,2461,10332,12,3,Yes
1082,1366,72,8722,12355,12,0,No
1083,192,59,3955,11141,16,2,No
1084,1176,85,9957,9096,15,1,No
1085,509,43,3376,18863,13,0,No
1088,330,65,8823,24608,18,1,No
1092,1492,61,10322,26542,20,1,No
1094,1277,87,4621,5869,19,3,No
1096,1091,65,10976,15813,18,1,No
1097,857,59,3660,7909,13,0,No
1098,1376,91,10482,2326,14,1,No
1099,654,34,7119,21214,15,1,No
1100,1204,86,9582,10333,22,0,Yes
1101,827,54,4508,3129,22,0,No
1102,895,50,2207,22482,16,1,No
1103,618,45,7756,22266,17,0,No
1105,309,88,6694,24223,14,3,Yes
1106,1219,32,3691,4605,15,1,Yes
1107,1330,37,2377,19373,20,1,No
1108,1017,55,2313,2993,20,0,Yes
1109,469,35,17665,14399,17,1,No
1111,1009,45,2596,7160,15,2,No
1113,959,81,4728,17251,14,0,Yes
1114,970,30,4302,13401,17,1,No
1115,697,40,2979,22478,17,3,No
1116,1262,35,16885,16154,22,0,No
1117,1050,65,5593,17970,13,1,No
1118,994,87,10445,15322,19,0,No
1119,770,73,8740,5569,14,2,Yes
1120,1107,93,2514,26968,22,1,No
1121,950,93,7655,8039,17,3,No
1124,406,52,17465,15596,12,1,No
1125,130,32,7351,20619,16,0,No
1126,1082,83,10820,11535,11,1,No
1127,203,84,12169,13547,11,3,No
1128,1308,44,19626,17544,14,0,No
1131,984,70,2070,25326,11,0,Yes
1132,439,70,6782,8770,15,0,No
1133,217,78,7779,23238,20,0,No
1135,793,67,2791,21981,12,1,No
1136,1451,67,3201,19911,17,0,No
1137,1182,54,4968,18500,11,1,No
1138,174,56,13120,11879,17,1,No
1140,1003,95,4033,15834,11,0,No
1143,490,61,3291,17940,14,2,No
1148,188,56,4272,9558,19,0,No
1150,718,79,5056,17689,15,1,Yes
1152,433,37,2844,6004,13,1,No
1154,773,39,2703,22088,14,1,Yes
1156,247,80,1904,13556,12,0,No
1157,603,77,8224,18385,17,0,Yes
1158,167,46,4766,9051,11,1,Yes
1160,874,72,2610,6233,12,1,No
1161,367,52,5731,17171,13,2,No
1162,199,55,2539,7950,13,1,No
1163,1400,70,5714,5829,20,0,No
1164,528,100,4323,7108,17,0,No
1165,408,45,7336,11162,13,1,No
1166,593,88,13499,13782,17,0,No
1167,481,44,13758,2447,12,0,Yes
1171,647,45,5155,2253,13,0,No
1172,982,58,2258,16340,12,1,No
1173,477,49,3597,6409,22,0,No
1175,1485,79,2515,22955,11,0,Yes
1177,1384,82,4420,13421,22,1,No
1179,852,72,6578,2706,18,1,No
1180,902,92,4422,21203,13,1,Yes
1182,819,44,10274,19588,18,1,No
1184,669,97,5343,25755,20,0,No
1185,636,47,2376,26537,13,1,No
1188,1372,85,5346,9489,13,0,No
1190,862,76,2827,14947,12,3,No
1191,718,92,19943,18575,13,1,No
1192,1401,54,3131,26342,13,1,No
1193,645,54,2552,7172,25,0,No
1195,1457,83,4477,20100,19,1,Yes
1196,977,56,6474,9961,13,1,No
1198,805,87,3033,12828,12,0,No
1200,1097,96,2936,10826,11,0,Yes
1201,1223,50,18606,18640,18,1,No
1202,942,69,2168,26933,18,1,Yes
1203,1256,48,2853,4223,11,1,Yes
1204,1402,69,17048,24097,23,0,No
1206,111,74,2290,4279,13,0,No
1207,147,99,3600,8429,13,1,No
1210,906,95,2107,20293,17,1,No
1211,1329,61,4115,13192,19,3,No
1212,1184,62,4327,25440,12,3,No
1215,1421,30,17856,9490,22,1,No
1216,1179,78,3196,12449,12,3,No
1217,1450,52,19081,10849,11,1,No
1218,1361,94,8966,21026,15,3,Yes
1219,984,97,2210,3372,13,1,No
1220,1146,82,4539,4905,12,1,No
1221,917,60,2741,6865,14,1,No
1224,853,49,3491,11309,13,3,No
1225,200,32,4541,7744,25,0,No
1226,654,43,2678,5050,17,0,No
1228,150,60,7379,17433,11,1,No
1231,179,79,6272,12858,16,1,No
1233,696,52,5220,10893,18,1,Yes
1234,116,77,2743,7331,20,1,No
1235,1316,38,4998,2338,14,0,Yes
1237,363,77,10252,4235,21,1,Yes
1238,117,60,2781,6311,13,1,No
1239,107,84,6852,11591,12,1,No
1240,1356,57,4950,20623,14,0,No
1241,1465,63,3579,9369,21,1,Yes
1242,458,60,13191,23281,17,0,Yes
1243,1212,78,10377,13755,11,1,Yes
1244,1103,42,2235,14377,14,2,Yes
1245,966,53,10502,9659,17,1,No
1246,1117,72,2011,19982,13,1,No
1248,504,96,1859,6148,25,0,Yes
1249,1010,97,3760,5598,15,3,No
1250,685,85,17779,23474,14,0,No
1251,1332,80,6833,17089,12,0,Yes
1252,1062,96,6812,17198,19,0,No
1254,326,48,5171,16490,17,0,No
1255,920,96,19740,18625,14,1,No
1256,1098,85,18711,12124,13,1,No
1257,469,46,3692,9256,12,0,No
1258,969,76,2559,16620,11,0,No
1259,1167,76,2517,3208,11,3,No
1260,1329,82,6623,4204,11,2,Yes
1263,715,76,18265,8733,12,0,No
1264,694,87,16124,3423,14,2,No
1265,1320,89,2585,21643,17,0,No
1267,1099,88,18213,8751,11,1,No
1268,536,82,8380,21708,14,2,Yes
1269,265,57,2994,21221,12,0,Yes
1270,373,47,1223,16901,22,1,No
1273,599,73,1118,8040,14,0,Yes
1275,583,53,2875,9973,20,0,Yes
1277,1449,94,18824,2493,16,0,Yes
1278,177,37,13577,25592,15,1,Yes
1279,251,45,2625,25308,20,0,No
1280,168,33,18789,9946,14,1,No
1281,131,86,4538,6039,12,0,Yes
1282,237,83,19847,19196,24,1,Yes
1283,1429,67,10512,20002,12,0,No
1285,135,46,4444,22534,13,2,No
1286,791,44,2154,6842,11,0,Yes
1288,1199,92,19190,17477,14,2,No
1289,648,56,4490,21833,11,2,No
1291,735,66,3506,6020,14,0,Yes
1292,603,78,2372,5628,16,0,Yes
1293,531,56,10231,20364,14,0,No
1294,429,53,5410,2323,11,0,Yes
1295,621,73,7978,14075,11,1,No
1296,193,52,3867,14222,12,1,Yes
1297,968,40,2838,4257,14,0,No
1298,879,72,4695,12858,18,0,Yes
1299,806,39,3339,17285,13,2,Yes
1301,640,84,2080,4732,11,0,No
1303,266,40,2096,18830,18,0,No
1304,604,56,6209,11693,15,2,No
1306,364,83,18061,13035,22,0,No
1307,412,94,17123,17334,13,2,Yes
1308,848,88,2372,26076,12,2,No
1309,1089,79,4883,22845,18,1,No
1310,360,93,3904,22154,13,0,No
1311,1138,48,4627,23631,12,1,No
1312,325,63,7094,5747,12,0,No
1314,991,44,3423,22957,12,0,No
1315,1476,55,6674,16392,11,3,No
1317,1322,43,16880,22422,11,0,Yes
1318,299,57,9094,17235,12,0,Yes
1319,1030,64,8446,21534,19,0,Yes
1321,634,95,11916,25927,23,2,Yes
1322,524,32,4534,13352,11,0,No
1324,587,57,9852,8935,19,1,Yes
1329,256,40,6151,22074,13,0,No
1331,1060,54,2302,8319,11,0,Yes
1333,935,89,2362,14669,12,0,No
1334,495,37,17861,26582,13,0,Yes
1336,282,58,19187,6992,14,1,No
1338,206,99,19717,4022,14,0,No
1340,458,74,3544,8532,16,1,No
1344,943,86,8500,5494,11,1,No
1346,523,98,4661,22455,13,0,No
1349,1018,66,4103,4297,17,1,No
1350,482,87,4249,2690,11,0,Yes
1352,770,84,14026,17588,11,1,Yes
1355,1009,31,6893,19461,15,1,No
1356,507,66,6125,23553,12,0,No
1358,882,67,3669,9075,11,3,No
1360,601,53,10008,12023,14,0,Yes
1361,329,88,2387,6762,22,1,No
1362,607,83,4639,2261,16,1,No
1363,855,54,7898,18706,11,0,No
1364,1291,98,2534,6527,14,1,No
1367,1405,82,13142,24439,16,0,No
1368,1124,97,1611,19305,15,0,No
1369,817,60,5363,10846,12,1,No
1371,793,43,5071,20392,20,0,No
1372,267,85,13695,9277,17,0,Yes
1373,1369,68,13402,18235,12,1,Yes
1374,999,92,2029,15891,20,3,No
1375,1202,89,6377,13888,20,3,No
1377,285,86,5429,17491,13,2,No
1379,703,90,2785,11882,14,0,No
1380,662,67,4614,23288,18,1,Yes
1382,693,57,2610,15748,11,3,No
1383,404,98,6687,6163,11,0,No
1387,736,48,4724,24232,11,1,No
1389,330,98,6179,21057,15,2,Yes
1390,1498,44,6120,3567,12,2,Yes
1391,541,52,10596,15395,11,0,No
1392,1200,75,5467,13953,14,2,Yes
1394,1439,54,2996,5182,15,0,Yes
1395,1111,61,9998,19293,13,0,No
1396,499,36,4078,20497,13,3,Yes
1397,1485,71,10920,3449,21,1,No
1399,1372,93,6232,12477,11,0,No
1401,322,59,13247,9731,11,1,Yes
1402,930,73,4081,20003,14,0,Yes
1403,205,98,5769,7100,11,0,Yes
1405,135,51,2394,25681,13,0,Yes
1407,683,36,3904,4050,12,0,No
1408,1147,31,16799,16616,14,1,No
1409,258,54,2950,17363,13,0,No
1411,1462,94,3629,19106,18,0,No
1412,200,60,9362,19944,11,0,No
1415,949,81,3229,4910,11,1,No
1417,652,100,3578,23577,12,0,No
1419,332,51,7988,9769,13,0,No
1420,1475,97,4284,22710,20,0,No
1421,337,84,7553,22930,12,0,Yes
1422,971,54,17328,5652,19,0,No
1423,1055,76,19701,22456,21,1,Yes
1424,1136,81,14732,12414,13,2,No
1425,1174,99,9278,20763,16,0,Yes
1427,667,50,1359,16154,12,0,No
1428,855,73,4779,12761,14,2,No
1430,182,93,16422,8847,11,0,No
1431,560,91,2996,20284,14,2,No
1433,202,34,1261,22262,12,0,No
1434,1377,91,2099,7679,14,0,No
1435,172,37,5810,22604,16,0,No
1436,329,98,5647,13494,13,2,No
1438,465,74,3420,10205,12,1,No
1439,383,68,4400,15182,12,0,No
1440,1413,84,3500,25470,14,0,No
1441,1255,90,2066,10494,22,1,No
1443,359,82,17169,26703,19,2,No
1445,1476,42,4162,15211,12,2,Yes
1446,601,97,9204,23343,12,1,No
1447,401,86,3294,3708,17,1,No
1448,1283,90,2127,5561,12,0,Yes
1449,663,81,3975,23099,11,2,No
1453,326,31,10793,8386,18,1,No
1457,377,52,10096,15986,11,1,No
1458,592,54,3646,17181,23,0,Yes
1459,1445,100,7446,8931,11,0,No
1460,1038,95,10851,19863,18,1,Yes
1461,1398,96,2109,24609,18,0,No
1464,523,94,3722,21081,13,1,Yes
1465,1448,55,9380,14720,18,2,Yes
1466,1221,96,5486,24795,11,3,No
1467,1107,52,2742,3072,15,0,No
1468,218,55,13757,25178,11,1,No
1469,866,84,8463,23490,18,0,No
1471,981,90,3162,7973,14,0,No
1472,447,39,16598,19764,12,0,No
1473,1495,96,6651,21534,14,1,No
1474,896,68,2345,8045,14,1,No
1475,1467,49,3420,21158,13,0,No
1477,430,54,4373,17456,14,2,No
1478,1326,81,4759,15891,18,0,No
1479,1358,96,5301,2939,15,2,No
1480,748,74,3673,16458,13,0,No
1481,383,79,4768,9282,12,1,No
1482,990,64,1274,7152,13,2,No
1483,405,93,4900,2721,24,1,No
1484,1490,35,10466,20948,14,2,No
1485,829,71,17007,11929,14,2,No
1486,1496,92,2909,15747,15,1,No
1487,115,51,5765,17485,11,0,No
1489,790,40,4599,7815,23,0,Yes
1492,660,76,2404,16192,13,1,No
1494,381,89,3172,16998,11,0,Yes
1495,830,78,2033,7103,13,1,No
1496,1193,86,10209,19719,18,0,Yes
1497,1246,77,8620,23757,14,2,No
1499,330,46,2064,15428,21,1,No
1501,1229,30,4035,16143,16,0,Yes
1502,1099,82,3838,8192,11,0,No
1503,571,78,4591,24200,17,1,Yes
1504,289,38,2561,5355,11,0,No
1506,1423,72,1563,12530,14,1,No
1507,467,55,4898,11827,14,0,No
1509,271,43,4789,23070,25,1,No
1513,410,97,3180,4668,13,3,No
1514,1083,96,6549,3173,14,2,No
1515,516,69,6388,22049,17,0,Yes
1516,495,64,11244,21072,25,0,No
1520,1050,87,16032,24456,20,1,No
1522,224,100,2362,7568,13,0,No
1523,136,32,16328,22074,13,1,No
1525,1089,32,8376,9150,18,0,No
1527,228,51,16606,11380,12,1,No
1529,1029,91,8606,21195,19,0,No
1533,507,97,2272,24812,14,0,No
1534,676,86,2018,21831,14,0,No
1535,971,64,7083,12288,14,0,Yes
1537,561,33,4084,4156,12,0,No
1539,333,88,14411,24450,13,0,Yes
1541,1440,55,2308,4944,25,1,Yes
1542,1210,68,4841,24052,14,1,No
1543,674,47,4285,3031,17,0,No
1544,441,39,9715,7288,13,1,No
1545,575,44,4320,24152,13,0,No
1546,950,97,2132,4585,20,1,No
1547,288,40,10124,18611,14,1,Yes
1548,1342,47,5473,19345,12,0,No
1549,589,79,5207,22949,12,1,Yes
1550,898,38,16437,17381,21,0,Yes
1551,350,57,2296,10036,14,3,No
1552,1142,72,4069,8841,18,0,Yes
1553,538,66,7441,20933,12,3,No
1554,1402,98,2430,26204,23,2,No
1555,824,67,5878,15624,12,1,No
1556,1157,70,2644,17001,21,0,Yes
1557,492,96,6439,13693,14,1,No
1558,598,91,2451,22376,18,2,No
1560,1242,46,6392,10589,13,1,No
1562,740,64,9714,5323,11,1,No
1563,888,71,6077,14814,11,0,No
1564,992,68,2450,21731,19,0,No
1568,1288,33,9250,17799,12,1,No
1569,104,69,2074,26619,12,1,Yes
1572,607,78,10169,14618,16,1,No
1573,903,81,4855,7653,11,2,No
1574,1200,62,4087,25174,14,1,No
1576,1108,65,2367,16530,12,1,No
1577,479,35,2972,22061,13,0,No
1578,685,60,19586,23037,21,1,No
1580,1351,45,5484,13008,17,1,No
1581,474,89,2061,11133,21,0,No
1582,1245,80,9924,12355,11,1,No
1583,437,90,4198,16379,12,0,No
1585,884,73,6815,21447,13,0,No
1586,1370,87,4723,16213,18,0,Yes
1587,670,51,6142,4223,16,0,Yes
1588,1462,38,8237,4658,11,1,No
1590,995,87,8853,24483,19,1,No
1591,264,59,19331,19519,16,1,Yes
1592,977,45,2073,12826,16,1,No
1594,1302,80,5562,19711,13,1,Yes
1595,1059,93,19613,26362,22,0,No
1596,750,46,3407,25348,17,2,No
1597,653,92,5063,15332,14,1,No
1598,118,84,4639,11262,15,1,No
1599,990,87,4876,5855,12,1,No
1601,1349,63,2690,7713,18,1,No
1602,563,56,17567,3156,15,0,No
1604,329,51,2408,7324,17,3,Yes
1605,457,85,2814,10293,14,0,Yes
1606,1234,41,11245,20689,15,1,Yes
1607,634,35,3312,18783,17,2,No
1608,1313,31,19049,3549,14,1,Yes
1609,241,48,2141,5348,12,1,No
1611,1015,50,5769,23447,14,0,Yes
1612,336,52,4385,24162,15,1,No
1613,715,54,5332,21602,13,0,No
1614,559,76,4663,12421,12,2,Yes
1615,426,42,4724,17000,13,1,No
1617,722,84,3211,22102,14,1,No
1618,1387,76,5377,3835,13,3,No
1619,1302,67,4066,16290,11,2,No
1621,819,48,5208,26312,11,0,No
1622,580,39,4877,20460,21,1,No
1623,546,97,3117,26009,18,0,No
1624,544,70,1569,18420,12,0,Yes
1625,1176,98,19658,5220,11,1,No
1627,170,76,3069,10302,15,1,No
1628,884,80,10435,25800,13,2,No
1630,208,52,4148,12250,12,1,No
1631,671,85,5768,26493,17,3,No
1633,711,81,5042,3140,13,0,No
1635,1329,59,5770,5388,19,2,No
1638,397,54,7756,14199,19,1,Yes
1639,737,55,10306,21530,17,0,No
1640,1470,71,3936,9953,11,1,No
1641,448,84,7945,19948,15,0,Yes
1642,602,37,5743,10503,11,0,Yes
1644,365,89,15202,5602,25,1,No
1645,763,59,5440,22098,14,2,Yes
1646,567,32,3760,17218,13,0,Yes
1647,486,86,3517,22490,17,0,No
1648,591,87,2580,6297,13,0,No
1649,1329,73,2166,3339,14,0,Yes
1650,469,42,5869,23413,11,0,No
1651,711,42,8008,22792,12,2,No
1653,772,77,5206,4973,17,2,No
1654,492,66,5295,7693,21,0,No
1655,301,72,16413,3498,16,2,No
1656,813,50,13269,21981,15,3,No
1657,1141,31,2783,13251,19,0,No
1658,1130,66,5433,19332,12,1,No
1659,311,77,2013,10950,11,0,No
1661,465,41,13966,11652,19,1,Yes
1662,894,33,4374,15411,15,0,No
1664,1040,79,6842,26308,20,1,No
1665,584,91,17426,18685,25,1,No
1666,1291,65,17603,3525,24,1,No
1667,880,36,4581,10414,24,0,Yes
1668,1189,90,4735,9867,15,2,No
1669,991,43,4187,3356,13,1,Yes
1670,392,93,5505,3921,14,2,No
1671,977,45,5470,25518,13,2,No
1673,1112,67,5476,22589,11,2,No
1674,464,74,2587,24941,16,1,Yes
1675,148,42,2440,23826,22,0,No
1676,1225,47,15972,21086,14,3,No
1677,809,36,15379,22384,14,0,No
1678,1206,80,7082,11591,16,0,Yes
1680,727,54,2728,21082,11,0,No
1681,530,36,5368,16130,25,1,Yes
1682,1351,80,5347,7419,14,2,No
1683,528,44,3195,4167,18,3,Yes
1684,1320,93,3989,20586,11,0,Yes
1687,1495,87,3306,26176,19,1,No
1689,1395,48,7005,3458,15,0,No
1691,708,95,2655,11740,11,2,Yes
1692,1259,95,1393,24852,12,0,No
1693,786,76,2570,11925,20,0,No
1694,1441,94,3537,23737,12,1,No
1696,1157,57,3986,11912,14,1,No
1697,370,92,10883,20467,20,1,No
1698,267,79,2028,13637,18,3,No
1700,1278,31,9525,7677,14,2,No
1701,678,35,2929,20338,12,0,No
1702,427,99,2275,25103,21,1,Yes
1703,921,96,7879,14810,19,1,Yes
1704,146,79,4930,13970,14,0,Yes
1706,1179,73,7847,6069,17,1,Yes
1707,581,62,4401,17616,16,1,No
1708,918,35,9241,15869,12,0,No
1709,1082,43,2974,25412,17,1,No
1710,530,51,4502,7439,15,0,No
1712,1238,74,10748,3395,23,1,No
1714,240,58,1555,11585,11,1,No
1716,1093,82,12936,24164,11,0,No
1718,390,62,2305,6217,15,3,No
1719,1005,48,16704,17119,11,0,No
1720,585,56,3433,17360,13,1,No
1721,741,69,3477,18103,14,1,No
1722,552,60,6430,20794,19,1,No
1724,369,92,6516,5041,16,1,Yes
1725,506,91,3907,3622,13,3,No
1727,717,34,5562,9697,14,0,No
1728,1370,49,6883,5151,16,1,No
1729,793,33,2862,3811,12,1,No
1731,543,87,4978,3536,11,1,No
1732,1277,74,10368,5596,12,1,Yes
1733,1456,96,6134,8658,13,3,Yes
1734,964,34,6735,12147,15,0,No
1735,160,51,3295,12862,13,0,No
1736,163,30,5238,6670,20,0,No
1737,792,77,6472,8989,15,1,Yes
1739,371,80,9610,3840,13,1,No
1740,611,88,19833,4349,14,0,No
1744,176,56,9756,6595,21,2,No
1745,1312,78,4968,26427,16,0,No
1746,897,59,2145,2097,14,1,No
1747,600,66,2180,9732,11,1,No
1749,1003,51,8346,20943,19,1,No
1751,1054,67,3445,6152,11,0,No
1752,428,52,2760,14630,13,0,No
1753,461,70,6294,23060,12,0,Yes
1754,979,94,7140,3088,11,1,No
1755,181,97,2932,5586,14,3,Yes
1756,1283,62,5147,10697,15,0,No
1757,1313,80,4507,8191,12,0,No
1758,211,74,8564,10092,20,0,Yes
1760,594,75,2468,15963,14,1,No
1761,1079,70,8161,19002,13,3,No
1762,590,91,2109,10007,13,1,No
1763,305,58,5294,9128,16,1,No
1764,953,65,2718,17674,14,0,No
1766,833,60,5811,24539,16,1,Yes
1767,807,38,2437,15587,16,1,Yes
1768,855,57,2766,8952,22,3,No
1770,478,60,19038,19805,12,3,No
1771,775,90,3055,6194,15,2,No
1772,548,94,2289,20520,20,2,No
1774,1375,87,4001,12313,14,1,Yes
1775,661,60,12965,22308,20,3,Yes
1778,244,97,3539,5033,13,0,No
1779,511,32,6029,25353,12,0,No
1780,337,31,2679,4567,13,0,No
1782,1153,40,3702,16376,11,1,No
1783,1294,79,2398,15999,17,0,Yes
1784,196,91,5468,13402,14,2,No
1786,942,53,13116,22984,11,0,No
1787,589,46,4189,8800,14,2,No
1789,734,46,19328,14218,17,1,Yes
1790,1383,90,8321,25949,13,1,Yes
1792,429,99,2342,11092,12,3,Yes
1794,1239,89,4071,12832,13,0,No
1797,303,84,5813,13492,18,0,Yes
1798,867,90,3143,6076,19,1,No
1799,1181,82,2044,5531,11,1,No
1800,1253,65,13464,7914,21,0,No
1801,849,98,7991,25166,15,0,No
1802,616,99,3377,25605,17,1,No
1803,1128,95,5538,5696,18,2,No
1804,1180,90,5762,24442,14,1,No
1805,1336,100,2592,7129,13,3,No
1807,234,93,5346,6208,17,1,No
1809,370,58,4213,4992,15,0,No
1812,766,83,4127,19188,18,1,No
1813,343,52,2438,24978,13,0,No
1814,447,85,6870,15530,12,0,No
1815,796,81,10447,26458,13,1,Yes
1816,1092,64,9667,2739,14,0,No
1818,920,69,2148,6889,11,0,Yes
1821,261,66,8926,10842,22,1,No
1822,1194,52,6513,9060,17,1,No
1823,810,92,6799,22128,21,2,No
1824,350,52,16291,22577,22,1,No
1826,185,91,2705,9696,16,1,No
1827,1001,92,10333,19271,12,1,Yes
1829,750,47,4448,10748,12,1,No
1830,431,68,6854,15696,15,1,No
1833,1125,68,9637,8277,14,2,No
1834,1217,67,3591,12719,25,1,No
1835,723,77,5405,4244,20,2,Yes
1836,572,46,4684,9125,13,0,No
1837,1216,87,15787,21624,14,0,Yes
1839,1431,33,1514,8018,16,0,No
1842,359,89,2956,21495,17,0,No
1844,350,56,2335,3157,15,3,Yes
1845,589,67,5154,19665,22,2,No
1847,430,73,6962,19573,22,1,Yes
1849,1422,92,5675,19246,20,1,No
1850,1297,53,2379,19826,14,0,Yes
1852,574,40,3812,7003,13,0,No
1853,1318,79,4648,26075,13,0,No
1854,355,38,2936,6161,22,2,No
1856,207,64,2105,5411,12,0,No
1857,706,82,8578,19989,14,1,No
1858,280,43,2706,10494,15,1,No
1859,726,93,6384,21143,17,2,No
1860,1142,81,3968,13624,13,0,No
1862,414,82,9907,26186,12,0,Yes
1863,1319,45,13225,7739,12,1,No
1864,728,36,3540,7018,21,1,No
1865,352,87,2804,15434,11,0,No
1866,823,81,19392,22539,13,0,No
1867,1224,91,19665,13583,12,0,No
1868,459,73,2439,14753,24,0,Yes
1869,1254,64,7314,14011,21,3,No
1870,1131,77,4774,23844,19,1,No
1871,835,41,3902,5141,14,3,No
1873,836,98,2662,7975,20,1,No
1875,1172,78,2856,3692,19,1,No
1876,945,89,1081,16019,13,0,No
1878,391,75,2472,26092,23,0,Yes
1880,1266,63,5673,6060,13,1,Yes
1881,311,89,4197,18624,11,1,No
1882,1480,64,9713,24444,13,3,Yes
1883,592,59,2062,19384,14,0,No
1885,783,78,4284,13588,22,1,Yes
1886,219,44,4788,25388,11,0,Yes
1888,556,93,5906,23888,13,2,No
1890,1213,94,3886,4223,21,0,No
1892,1137,98,16823,18991,11,1,No
1893,482,90,2933,14908,13,1,Yes
1898,511,89,6500,26997,14,0,No
1900,117,58,17174,2437,11,1,No
1903,170,78,5033,9364,15,1,No
1905,967,85,2307,14460,23,1,Yes
1907,1162,97,2587,10261,16,0,No
1908,335,33,5507,16822,16,2,No
1909,337,54,4393,26841,21,1,No
1911,1396,83,13348,14842,13,1,No
1912,1079,86,6583,20115,11,1,Yes
1915,735,75,8103,16495,12,0,Yes
1916,471,62,3978,16031,12,1,No
1918,1096,61,2544,7102,18,1,No
1922,1297,44,5399,14511,12,0,No
1924,217,43,5487,10410,14,0,No
1927,783,42,6834,19255,12,1,Yes
1928,746,45,1091,10642,17,0,No
1929,1251,32,5736,3987,19,1,No
1931,1354,41,2226,6073,11,1,No
1932,735,86,5747,26496,15,0,Yes
1933,1475,84,9854,23352,11,0,Yes
1934,1169,64,5467,2125,18,1,No
1935,1443,89,5380,20328,16,1,No
1936,867,87,5151,12315,25,1,No
1937,1394,58,2133,18115,16,1,Yes
1938,605,72,17875,11761,13,1,Yes
1939,238,47,2432,15318,14,0,Yes
1940,1206,71,4771,14293,19,2,No
1941,1064,42,19161,13738,15,0,No
1943,419,77,5087,2900,12,2,Yes
1944,1337,58,2863,19555,12,0,No
1945,682,71,5561,15975,16,1,No
1947,1103,49,2144,2122,14,0,No
1948,976,48,3065,3995,13,1,Yes
1949,1351,66,2810,9238,22,0,No
1950,937,32,9888,6770,21,0,No
1951,1239,39,8628,22914,18,1,No
1952,157,95,2867,20006,13,0,No
1954,136,89,5373,6225,12,1,No
1955,1146,34,6667,16542,18,1,No
1956,1125,48,5003,5771,21,0,No
1960,1404,32,2367,18779,12,1,No
1961,1404,59,2858,11473,14,0,No
1962,1224,55,5204,13586,11,0,Yes
1965,954,44,4105,5099,14,0,No
1966,1373,56,9679,10138,24,0,No
1967,754,63,5617,21075,11,0,Yes
1968,1168,66,10448,5843,13,0,Yes
1969,155,67,2897,22474,11,2,No
1970,1303,36,5968,18079,20,3,No
1971,574,30,7510,16873,17,1,No
1972,1444,88,2991,5224,11,1,Yes
1973,189,71,19636,25811,18,1,Yes
1974,1276,59,1129,17536,11,3,Yes
1975,119,77,13341,25098,12,0,No
1976,335,37,4332,14811,12,0,No
1979,697,40,11031,26862,20,1,No
1980,157,77,4440,25198,19,0,Yes
1981,771,45,4617,14120,12,0,No
1982,571,78,2647,13672,13,0,No
1985,692,73,6323,26849,11,1,No
1986,444,92,5677,4258,14,1,No
1987,309,82,2187,19655,14,0,No
1989,911,76,3748,4077,13,0,No
1992,977,57,3977,7298,19,1,Yes
1993,1180,84,8633,13084,23,0,No
1994,1313,59,2008,20439,12,3,No
1995,1321,86,4440,7636,15,2,No
1996,1154,54,3067,6393,19,1,No
1997,508,72,5321,14284,11,1,No
1998,557,35,5410,11189,17,1,Yes
1999,642,76,2782,21412,22,1,No
2000,1162,98,11957,17231,18,2,No
2003,1490,43,2660,20232,11,1,Yes
2007,581,63,3375,17624,12,0,No
2008,1395,48,5098,18698,19,0,No
2009,501,95,4878,21653,13,1,Yes
2010,267,49,2837,15919,13,0,No
2012,543,83,2406,4060,19,2,No
2013,234,68,2269,18024,14,1,No
2014,116,52,4108,5340,13,0,No
2015,201,99,13206,3376,12,1,No
2016,801,48,10422,24032,19,2,No
2017,161,42,13744,15471,25,1,Yes
2018,1382,85,4907,13684,22,1,Yes
2019,585,40,3482,19788,15,2,No
2020,1037,42,2436,13422,12,0,Yes
2021,501,58,2380,25479,11,0,Yes
2022,105,87,19431,15302,13,0,No
2023,638,33,1790,26956,19,1,No
2024,557,94,7644,12695,19,2,No
2025,688,97,5131,9192,13,3,No
2026,667,57,6306,26236,21,1,No
2027,1092,36,4787,26124,14,3,Yes
2031,300,56,18880,17312,11,0,No
2032,310,72,2339,3666,11,1,No
2034,582,60,13570,5640,23,1,No
2035,704,95,6712,8978,21,2,No
2036,301,88,5406,10436,24,1,No
2037,930,57,8938,12227,11,1,No
2038,529,78,2439,11288,14,0,No
2040,1146,31,8837,16642,16,0,Yes
2041,345,100,5343,5982,11,1,No
2044,878,94,6728,14255,12,2,No
2045,1120,100,6652,14369,13,1,No
2046,374,50,4850,23333,15,0,No
2048,1322,52,2809,2725,14,0,No
2049,1199,80,5689,24594,14,2,Yes
2051,1194,98,2001,12549,14,3,No
2052,287,62,2977,8952,12,1,No
2053,1378,46,4025,23679,13,1,Yes
2054,468,73,3785,8489,14,0,No
2055,410,39,10854,16586,13,1,Yes
2056,722,60,12031,8828,11,1,No
2057,325,74,9936,3787,19,0,No
2060,1167,30,2966,21378,18,0,No
2061,884,41,2571,12290,17,1,No
2062,613,42,9991,21457,15,1,No
2064,155,87,6142,5174,20,1,Yes
2065,1023,63,5390,13243,14,0,No
2068,628,82,4404,10228,12,0,No
