Employee_Number,TotalWorkingYears,YearsAtCompany,YearInCurrentRole,YearsSinceLastPromotion,YearWithCurrManager,TrainingTimesLastYear,NumCompaniesWorked,PerformanceRating
1,8,6,4,0,5,0,8,3
2,10,10,7,1,7,3,1,4
4,7,0,0,0,0,3,6,3
5,8,8,7,3,0,3,1,3
7,6,2,2,2,2,3,9,3
8,8,7,7,3,6,2,0,3
10,12,1,0,0,0,3,4,4
11,1,1,0,0,0,2,1,4
12,10,9,7,1,8,2,0,4
13,17,7,7,7,7,3,6,3
14,6,5,4,0,3,5,0,3
15,10,9,5,0,8,3,0,3
16,5,5,2,4,3,1,1,3
18,3,2,2,1,2,2,0,3
19,6,4,2,0,3,4,5,3
20,10,10,9,8,8,1,1,3
21,7,6,2,0,5,5,0,3
22,1,1,0,0,0,2,1,3
23,31,25,8,3,7,3,2,3
24,6,3,2,1,2,3,5,3
26,5,4,2,1,3,5,0,3
27,10,5,3,0,3,4,7,4
28,13,12,6,2,11,4,0,3
30,0,0,0,0,0,6,1,3
31,8,4,2,1,3,2,2,3
32,26,14,13,4,8,3,4,3
33,10,10,2,6,7,5,1,4
35,10,9,7,4,2,2,0,3
36,24,22,6,5,17,4,3,3
38,22,2,2,2,1,2,3,3
39,7,1,1,0,0,3,4,3
40,9,4,2,1,3,5,2,3
41,10,10,0,1,8,5,1,3
42,19,1,0,0,0,6,3,3
45,6,2,0,2,0,2,2,3
46,6,5,3,1,4,3,1,3
47,3,3,2,0,2,2,1,3
49,2,2,2,2,2,3,1,3
51,6,1,1,0,0,3,9,3
52,10,5,3,1,3,3,2,3
53,1,1,0,0,0,3,1,3
54,1,1,0,0,0,6,1,3
55,1,1,0,0,1,2,1,3
56,9,9,8,1,7,0,1,3
57,12,12,8,3,7,2,1,4
58,23,22,15,15,8,0,1,3
60,10,9,5,8,7,2,0,4
61,8,1,0,0,0,1,4,4
62,14,9,6,0,8,4,4,4
63,1,1,0,0,1,2,1,3
64,23,1,0,0,0,2,9,3
65,2,2,2,2,2,3,1,3
68,9,4,3,1,3,2,5,4
70,10,4,0,2,3,3,2,3
72,5,2,2,0,0,2,7,3
73,15,15,14,8,12,1,1,3
74,9,9,8,1,8,3,1,4
75,4,2,2,2,2,3,3,3
76,10,7,7,1,7,3,3,4
77,7,7,5,0,7,2,1,3
78,9,9,8,7,8,3,1,4
79,10,10,3,9,9,2,1,3
80,29,27,3,13,8,2,5,3
81,28,21,16,7,9,3,7,3
83,17,17,14,12,8,2,1,3
84,21,5,0,0,2,2,2,3
85,6,6,5,0,3,3,1,3
86,25,1,0,0,0,2,2,3
88,5,3,2,1,2,2,4,3
90,2,1,0,0,0,0,0,3
91,20,4,3,1,3,2,7,3
94,6,5,4,0,4,3,0,4
95,1,1,1,1,0,4,1,3
96,10,10,4,0,9,3,1,3
97,5,1,0,0,0,3,3,3
98,11,11,7,1,8,2,1,4
100,16,15,13,2,8,2,0,3
101,17,0,0,0,0,3,4,3
102,16,5,2,0,2,3,4,3
103,16,4,2,0,2,2,8,4
104,10,10,8,3,0,1,1,3
105,6,6,4,0,4,3,1,3
106,24,1,0,1,0,4,3,3
107,17,13,11,1,9,3,7,3
110,5,5,2,1,3,2,1,3
112,37,6,4,0,2,3,4,3
113,3,0,0,0,0,3,3,3
116,10,4,2,0,3,4,3,4
117,11,11,10,10,8,3,1,3
118,9,9,8,4,7,3,1,3
119,22,22,3,11,11,3,1,4
120,11,10,7,1,0,2,0,4
121,11,11,8,2,7,4,1,3
124,21,10,9,9,5,5,2,3
125,12,11,8,5,7,0,1,3
126,16,4,3,0,3,5,9,3
128,4,3,2,0,2,2,0,4
129,5,5,4,0,4,3,1,3
131,38,37,10,1,8,1,0,3
132,17,3,2,1,2,3,4,3
133,7,3,2,0,2,3,4,4
134,1,1,0,0,0,2,1,3
137,1,1,0,1,0,5,1,3
138,16,16,13,2,10,3,1,3
139,17,1,0,0,0,2,5,3
140,30,3,2,2,2,3,9,4
141,28,8,3,0,7,1,3,3
142,6,6,4,0,3,1,1,3
143,2,2,2,2,1,2,1,3
144,1,0,0,0,0,5,1,3
145,23,13,12,12,8,1,3,4
147,9,9,7,0,6,3,1,4
148,23,5,3,4,4,3,2,3
150,6,5,3,1,2,2,0,3
151,12,1,0,0,0,3,6,3
152,12,5,3,1,3,3,2,3
153,14,11,10,5,8,6,2,3
154,10,9,7,2,8,6,0,3
155,7,1,0,0,0,2,5,4
158,25,25,12,4,12,3,1,3
159,10,10,7,0,9,2,1,4
160,8,7,7,0,7,2,0,3
161,7,5,4,4,3,2,9,3
162,23,20,18,15,15,5,7,3
163,12,7,7,7,7,3,4,3
164,5,5,4,4,3,3,1,3
165,40,40,10,15,6,3,1,3
167,0,0,0,0,0,2,1,3
169,3,2,1,2,1,2,0,3
170,16,15,11,5,11,2,1,3
171,18,3,2,1,2,2,4,3
174,16,2,2,2,1,3,4,3
175,4,2,2,2,2,2,3,3
176,12,9,7,0,7,2,3,3
177,8,8,7,5,7,3,1,4
178,7,3,2,0,1,0,6,4
179,18,4,2,0,3,2,2,3
182,17,15,11,5,9,1,4,3
183,6,2,2,2,2,3,2,3
184,12,11,9,4,7,2,0,3
190,10,5,4,0,4,2,7,4
192,9,6,5,0,3,2,5,3
193,19,3,2,2,2,2,3,4
194,5,5,4,0,4,4,1,3
195,9,8,7,0,7,2,0,3
197,8,3,2,2,2,3,5,3
198,6,5,3,1,2,3,0,3
199,21,7,6,7,7,2,4,3
200,7,5,0,1,4,2,2,4
201,1,1,0,0,0,3,1,3
202,20,20,7,2,13,2,1,3
204,10,10,8,0,6,3,1,3
205,13,7,7,4,5,3,2,4
206,20,17,9,0,15,2,8,3
207,9,9,8,3,7,2,1,3
208,10,10,7,0,9,1,1,3
211,10,1,0,0,0,2,2,3
214,9,1,0,0,0,3,4,4
215,15,12,11,2,11,2,7,3
216,6,4,3,1,2,3,6,3
217,2,2,2,2,2,6,1,4
218,6,2,2,2,2,1,6,3
221,5,5,2,0,2,2,1,3
223,12,5,3,1,4,2,3,3
224,1,1,1,0,1,2,1,3
226,21,5,4,4,4,5,3,3
227,13,9,8,1,8,2,4,3
228,12,10,9,7,4,2,2,3
230,12,8,3,0,7,2,4,4
231,8,5,4,1,4,2,3,4
233,6,5,2,1,1,3,0,3
235,1,0,0,0,0,5,0,4
238,13,8,7,7,2,3,4,3
239,12,12,9,6,10,4,1,3
240,9,5,4,0,3,3,4,3
241,19,2,2,2,2,3,4,3
242,4,3,1,0,2,2,0,3
243,1,1,0,1,0,3,1,4
244,24,24,13,15,7,2,1,4
245,2,2,2,2,1,3,1,3
246,7,4,2,0,2,0,8,4
247,9,3,2,1,2,3,2,3
248,4,4,3,0,2,5,1,4
249,5,3,2,0,2,2,2,3
250,5,4,2,1,3,3,1,3
252,8,8,7,1,6,5,1,3
253,21,20,8,9,9,2,1,3
254,36,24,15,2,15,3,8,3
256,10,10,9,1,9,2,1,3
258,21,7,7,1,0,6,3,3
259,34,33,18,11,9,5,0,3
260,7,7,7,0,3,2,1,3
261,8,1,0,0,1,1,3,3
262,7,5,4,2,2,3,4,3
264,22,20,8,11,8,1,9,4
267,8,8,7,1,7,3,1,3
269,10,6,2,1,2,5,5,3
270,11,5,3,0,2,5,2,3
271,14,1,0,0,0,3,9,3
273,9,7,7,1,7,3,3,3
274,6,2,2,2,0,1,5,3
275,7,7,7,1,7,0,1,3
277,5,5,3,2,0,4,1,3
281,15,7,2,3,7,2,8,3
282,17,1,0,0,0,2,7,3
283,10,10,4,1,9,3,1,4
284,4,4,2,2,2,2,1,3
286,8,8,1,1,7,2,1,3
287,5,3,2,0,2,5,9,3
288,17,4,2,0,3,3,7,3
291,14,14,8,9,8,2,1,3
292,12,11,8,5,8,2,1,4
293,7,7,7,0,7,2,1,3
296,16,10,9,4,7,5,5,3
297,8,5,2,0,4,5,5,3
298,16,1,0,0,0,3,3,3
299,9,6,3,0,1,5,5,3
300,7,6,2,1,5,1,0,3
302,23,19,7,12,8,2,6,3
303,16,6,2,0,5,4,2,3
304,16,13,11,3,7,3,8,3
305,7,3,2,1,1,3,6,4
306,10,10,8,0,7,1,1,3
307,17,16,10,5,13,6,0,3
308,6,5,4,1,4,2,0,3
309,7,1,0,0,0,6,3,3
311,13,9,8,5,8,2,4,3
312,11,11,10,4,1,5,1,3
314,10,10,7,0,8,3,1,3
315,4,4,3,0,1,3,1,3
316,6,2,2,2,2,3,7,3
319,22,22,17,11,15,3,1,3
321,7,2,2,2,2,2,8,3
323,32,7,0,0,6,3,3,3
325,8,5,4,0,4,2,5,3
327,22,17,13,1,9,3,5,4
328,13,9,7,1,7,3,7,4
329,33,33,7,15,12,2,1,3
330,6,4,3,1,2,5,2,3
331,4,3,2,1,2,2,0,3
332,7,3,2,1,2,1,7,3
333,4,3,2,2,2,2,0,3
334,17,1,0,0,0,2,2,3
335,9,9,8,4,7,3,1,3
336,25,24,0,1,7,2,0,3
337,9,2,2,2,2,3,9,3
338,2,2,2,0,2,2,1,3
339,13,11,9,5,9,3,6,3
340,17,3,1,0,2,2,2,3
341,9,3,2,0,2,1,4,3
342,17,1,0,0,0,5,6,3
343,20,19,6,11,8,1,0,4
346,6,6,5,1,5,1,1,3
347,10,3,2,0,2,1,3,3
349,10,3,2,0,2,2,2,3
350,5,4,2,1,2,3,0,3
351,10,9,6,7,8,4,0,3
352,22,21,7,3,9,5,0,3
353,1,1,0,0,0,0,1,3
355,6,5,4,1,4,2,0,3
359,5,5,1,0,3,3,1,4
361,13,8,7,7,5,0,3,3
362,9,6,2,0,4,5,4,3
363,28,7,7,7,7,2,3,3
364,5,0,0,0,0,5,2,3
366,10,0,0,0,0,2,2,3
367,10,9,0,7,8,2,0,4
369,6,6,3,1,5,2,1,3
372,21,20,7,4,10,2,0,3
373,16,15,13,10,11,4,0,3
374,37,36,10,4,13,2,0,3
376,10,10,7,9,9,2,1,3
377,5,5,2,0,4,3,1,4
378,7,5,4,0,1,5,4,3
379,3,3,2,1,0,4,1,3
380,15,5,2,0,2,2,2,3
381,10,7,7,6,2,6,7,3
382,8,8,0,7,7,3,1,4
384,6,6,5,1,4,6,1,4
385,28,10,4,1,6,4,3,3
386,21,5,3,1,3,5,3,3
387,20,20,16,11,6,3,1,4
388,10,10,7,0,9,3,1,3
389,12,10,7,0,8,4,3,3
390,5,5,3,3,3,3,1,3
391,17,17,12,5,7,3,1,3
392,19,1,0,0,0,0,3,4
393,10,2,2,1,2,2,9,3
394,5,3,2,0,2,2,2,3
395,5,5,3,0,2,3,1,4
396,22,3,2,1,2,4,9,3
397,10,8,0,7,7,2,4,3
399,2,2,2,2,2,5,1,3
401,8,8,7,7,4,0,1,3
403,4,4,2,1,2,3,1,3
404,23,20,4,4,8,2,5,3
405,0,0,0,0,0,2,1,3
406,12,11,9,6,9,3,0,3
407,4,1,0,0,0,2,4,3
408,13,4,1,1,2,3,5,3
410,22,22,10,0,4,2,1,3
411,0,0,0,0,0,2,1,3
412,9,8,3,0,7,2,0,3
416,10,8,7,7,7,3,4,3
417,19,18,10,3,7,5,0,3
419,11,9,8,0,8,3,7,3
420,13,13,8,4,8,3,1,3
421,19,10,8,0,1,2,3,3
422,12,5,3,1,2,2,2,3
423,6,5,2,0,3,4,0,3
424,9,2,2,1,0,1,3,3
425,24,24,9,9,11,2,1,3
426,3,2,2,2,2,2,0,3
428,12,10,6,8,8,2,6,3
429,21,21,9,11,10,3,1,3
430,9,8,7,1,7,5,0,3
431,25,7,1,0,7,2,7,3
433,11,8,2,7,7,3,2,3
434,4,4,3,1,2,2,1,3
436,13,13,12,11,9,2,1,3
437,5,5,4,0,4,3,1,3
438,13,7,7,1,7,3,4,3
439,10,7,7,0,7,0,7,3
440,5,3,2,2,2,4,5,3
441,11,10,8,1,9,2,1,3
442,10,10,9,8,9,2,1,4
444,21,21,9,13,3,2,1,3
445,12,1,0,0,0,3,4,3
446,9,7,7,0,1,6,3,3
447,21,3,2,1,1,2,4,3
448,9,9,7,0,0,3,1,3
449,6,5,4,1,4,0,0,3
450,20,4,3,0,3,4,3,3
451,10,1,0,0,0,1,8,3
452,12,10,9,9,8,3,9,3
453,6,4,3,0,2,2,2,4
454,7,7,7,0,7,4,1,3
455,4,3,2,2,2,2,0,3
456,10,10,9,1,2,2,1,3
458,8,8,7,0,7,3,1,3
460,8,6,2,0,4,2,7,3
461,12,11,10,2,9,3,0,3
462,11,11,9,4,10,2,1,3
463,7,7,7,1,7,2,1,3
464,17,16,6,0,13,5,0,3
465,4,4,2,0,2,2,1,3
466,8,5,4,1,2,3,6,3
467,5,0,0,0,0,3,3,3
468,16,1,0,0,0,2,2,3
469,4,4,3,0,2,3,1,3
470,4,3,2,1,0,5,0,3
471,8,8,0,0,7,4,1,3
473,15,0,0,0,0,3,3,4
474,13,7,7,6,7,2,4,3
475,4,2,2,2,2,2,7,3
476,8,8,7,7,7,3,1,3
477,14,1,0,0,0,6,3,4
478,3,3,2,1,2,3,1,3
479,7,1,0,0,0,6,4,3
481,16,13,9,1,12,2,4,3
482,15,3,2,1,2,2,2,3
483,10,7,7,1,7,3,3,3
484,3,3,2,2,2,3,1,4
485,1,1,0,0,0,2,1,3
486,17,5,4,0,3,3,6,4
487,7,1,0,0,0,2,2,3
488,8,8,7,7,7,5,1,3
491,20,4,3,1,3,2,6,3
492,8,6,4,1,0,6,2,3
493,3,2,2,2,2,5,0,3
494,1,1,0,0,0,0,1,3
495,6,3,2,1,2,4,9,3
496,10,1,1,0,0,5,9,3
497,5,5,2,0,4,2,1,3
498,7,7,5,0,7,1,1,3
499,26,5,2,0,0,2,8,4
500,18,7,7,0,7,2,4,3
501,6,2,2,2,2,3,4,3
502,9,5,2,0,4,3,8,3
505,30,5,4,1,2,2,2,3
507,5,5,2,0,3,2,1,3
508,1,1,0,0,0,3,1,3
510,7,6,4,0,4,2,0,4
511,2,2,1,1,2,1,1,3
513,10,10,9,9,0,2,1,3
514,3,1,0,0,0,4,9,4
515,18,18,7,12,17,2,1,3
516,8,5,4,1,3,5,7,3
517,8,5,2,1,2,5,3,3
518,18,1,0,0,1,2,2,3
520,25,25,10,3,9,3,1,3
521,20,1,0,0,0,3,6,4
522,24,4,2,1,2,4,4,3
523,6,3,2,1,2,3,9,3
524,13,13,10,3,12,5,1,3
525,8,3,2,1,2,1,7,4
526,8,5,2,0,2,3,4,3
527,5,5,4,1,3,3,1,3
529,15,13,11,10,7,2,3,3
530,4,4,2,3,2,3,1,3
531,21,21,8,1,6,3,1,3
532,36,7,7,7,7,0,9,3
533,6,5,4,4,4,6,0,3
534,10,10,7,0,7,2,1,3
536,10,10,0,1,8,2,1,3
538,6,2,2,0,2,5,5,3
543,28,5,4,0,4,4,2,3
544,8,2,2,0,2,3,3,4
546,31,5,2,1,4,2,2,3
547,19,5,4,0,2,3,2,3
548,11,5,4,0,2,2,2,4
549,33,29,8,11,10,5,5,3
550,19,10,7,0,8,5,2,3
551,7,6,5,0,4,4,0,3
554,6,5,3,1,4,4,1,3
555,3,2,2,1,0,3,0,3
556,1,1,0,0,0,3,1,4
558,21,20,15,1,12,2,0,3
560,3,3,2,0,2,3,1,4
562,9,5,3,1,4,3,4,3
564,10,10,2,0,7,2,1,3
565,6,2,2,1,1,2,5,3
566,1,1,0,0,0,3,1,3
567,10,9,8,7,8,3,0,3
568,32,1,0,0,0,3,3,3
569,28,27,10,15,7,2,0,3
571,12,11,7,6,7,2,0,3
573,22,18,13,13,11,5,4,3
574,20,5,0,0,4,2,5,3
575,26,3,2,0,1,2,6,3
577,6,5,4,4,3,2,0,3
578,19,1,0,0,0,3,7,3
579,14,7,3,5,7,3,3,3
580,15,3,2,1,2,3,2,3
581,13,13,8,0,8,6,1,4
582,15,7,6,7,7,2,7,3
584,8,4,3,1,3,2,7,3
585,4,3,2,1,2,3,0,3
586,10,8,7,0,0,2,4,3
587,12,1,0,0,0,2,3,3
590,11,3,2,0,2,2,9,3
591,8,2,2,2,0,4,4,3
592,10,10,3,9,7,3,1,3
593,4,2,2,1,2,3,5,3
595,14,9,7,6,7,2,2,3
597,37,10,9,7,7,2,3,4
599,16,14,3,1,10,3,7,3
600,15,11,9,6,9,2,9,3
601,22,20,6,5,13,3,7,3
602,8,8,3,0,7,3,1,3
604,10,6,5,0,5,2,4,3
605,10,10,9,5,8,5,1,4
606,9,8,7,3,7,3,0,3
608,8,7,7,1,0,2,0,3
611,8,3,2,1,2,2,4,3
612,10,6,1,0,5,2,4,3
613,10,5,4,0,1,3,9,4
614,0,0,0,0,0,3,1,3
615,20,1,0,0,1,2,3,3
616,10,8,7,0,7,3,2,3
618,8,0,0,0,0,5,5,3
620,5,5,4,0,3,3,1,3
621,10,10,7,5,7,3,1,3
622,1,1,0,0,0,3,1,3
623,12,6,5,1,2,3,4,3
624,28,2,2,1,2,3,5,3
625,22,18,16,11,8,2,7,3
626,9,9,5,7,7,6,1,3
630,18,10,9,6,9,3,3,3
631,6,4,2,1,2,2,8,3
632,3,2,2,2,1,3,0,3
634,18,1,0,0,0,4,3,3
635,8,6,5,4,3,2,6,3
638,31,31,9,0,9,5,1,3
639,6,6,5,1,4,3,1,3
641,6,5,3,1,4,5,1,4
643,1,1,0,0,0,2,1,4
644,32,32,5,10,7,2,1,3
645,7,7,4,0,6,1,1,3
647,6,6,3,1,2,4,1,3
648,1,1,0,0,0,2,1,3
649,6,6,5,1,3,3,1,3
650,9,3,1,1,2,2,2,3
652,9,3,2,0,2,3,4,3
653,13,7,7,5,7,4,4,4
655,6,5,3,0,3,5,0,3
656,17,3,0,1,0,3,4,3
657,1,1,0,0,0,0,1,3
659,10,10,2,2,2,4,1,3
661,21,1,0,0,0,3,4,3
662,8,0,0,0,0,3,3,3
663,10,8,7,4,7,3,3,3
664,21,3,2,0,2,3,7,3
665,10,2,2,0,2,1,4,3
666,8,8,2,0,6,3,1,3
667,5,4,3,0,2,3,0,3
669,3,3,2,1,2,2,1,3
671,26,2,2,0,1,2,4,3
675,3,2,2,2,2,3,0,4
677,6,5,0,1,2,3,0,3
679,6,6,4,0,5,2,1,3
680,1,1,0,0,0,2,1,4
682,18,14,7,8,10,2,7,4
683,10,10,9,8,8,4,1,3
684,5,1,1,0,0,4,2,3
686,3,3,2,0,2,2,1,3
689,10,10,7,7,8,2,1,3
690,6,6,0,1,2,5,1,3
691,17,17,11,11,8,3,1,3
692,15,13,11,4,7,2,3,4
698,16,9,7,7,1,1,2,3
699,13,3,2,0,2,2,2,3
700,5,4,2,1,1,0,0,3
701,1,1,0,1,1,5,1,3
702,10,10,8,9,7,3,1,3
704,1,1,0,0,0,3,1,3
705,5,3,2,0,2,3,2,3
707,4,3,2,1,2,4,0,4
709,8,7,7,0,5,2,0,4
710,10,10,7,2,8,5,1,3
712,12,2,2,2,2,3,3,3
714,6,6,5,0,4,3,1,4
715,4,1,0,0,0,2,3,3
716,20,20,8,3,8,3,1,3
717,9,8,7,7,7,3,1,3
720,4,2,2,2,0,3,9,3
721,20,20,7,11,10,4,1,3
722,10,10,7,0,8,2,1,3
723,18,4,3,1,3,4,3,3
724,10,9,7,1,8,4,0,3
725,9,9,7,0,7,3,1,3
727,10,7,7,7,7,6,3,3
728,20,7,7,1,7,2,2,3
729,20,18,13,1,12,2,5,4
730,32,5,1,1,3,3,3,3
731,23,21,6,12,6,2,3,3
732,10,2,2,2,2,1,8,3
733,9,9,7,1,7,4,1,4
734,22,22,7,2,10,3,1,3
738,4,2,2,2,2,2,7,3
741,10,7,7,3,7,4,7,3
742,10,8,7,0,5,2,9,3
743,10,1,0,0,0,4,4,3
744,9,5,2,1,4,5,2,3
746,28,22,2,11,13,2,9,3
747,10,8,7,7,7,2,7,4
749,1,1,0,0,0,6,1,3
752,7,2,2,2,2,2,6,3
754,7,2,2,2,2,5,3,3
757,10,5,1,4,3,2,3,3
758,5,4,3,0,2,2,1,3
760,12,8,3,3,6,3,9,3
762,30,10,7,1,1,1,7,3
763,5,4,2,2,3,2,0,4
764,9,7,6,0,7,2,8,3
766,2,2,2,2,2,2,1,3
769,19,2,2,2,2,4,2,3
771,16,1,0,0,0,2,2,3
772,10,10,8,4,7,2,1,3
773,6,1,0,0,1,0,6,3
775,7,0,0,0,0,3,3,3
776,34,34,6,1,16,3,1,3
780,10,10,9,7,8,2,1,3
781,6,6,5,1,4,5,1,4
783,9,8,7,3,1,3,0,3
784,2,2,2,0,2,3,1,3
785,8,5,4,1,3,2,4,3
786,6,6,5,1,4,5,1,4
787,24,5,2,1,4,2,5,3
789,10,10,7,0,9,1,1,3
791,5,4,3,1,2,3,0,3
792,5,2,2,2,0,2,3,3
793,11,8,7,1,1,3,4,3
796,6,4,3,1,2,2,6,3
797,10,4,2,1,3,2,2,3
799,9,5,3,1,4,4,9,3
800,5,4,2,1,1,3,0,3
802,6,5,3,4,3,3,0,3
803,17,15,7,4,12,2,6,3
804,6,6,5,1,3,3,1,3
805,3,3,2,0,2,1,1,3
806,7,2,2,0,2,2,3,4
807,8,8,7,3,7,2,1,4
808,6,3,2,1,2,1,5,3
809,24,24,7,14,9,4,1,3
811,1,0,0,0,0,2,1,4
812,1,1,0,0,0,4,1,3
813,9,5,2,1,4,3,8,4
815,30,4,3,0,3,3,5,3
816,1,1,0,0,0,1,1,3
817,14,13,9,3,7,3,0,3
819,6,3,2,0,2,3,5,3
820,26,26,14,3,0,3,1,3
823,10,9,7,0,5,2,0,3
824,10,10,7,0,7,3,1,4
825,40,31,15,13,8,2,7,3
826,7,2,2,2,2,0,3,3
827,8,4,3,0,2,4,9,3
828,5,2,2,2,1,3,6,3
829,8,5,2,0,4,2,4,3
830,14,14,13,6,8,3,1,3
832,10,1,0,0,0,6,6,3
833,12,0,0,0,0,4,5,4
834,1,1,0,0,0,3,1,3
836,10,9,8,7,8,3,1,3
837,13,4,3,1,2,3,2,3
838,6,5,2,1,3,3,1,3
840,9,9,8,7,7,3,1,3
842,12,9,7,7,3,3,4,3
843,22,4,1,1,0,3,6,4
844,9,9,8,0,8,3,1,3
845,17,8,5,1,6,3,3,4
846,8,8,7,7,5,2,1,4
847,4,3,2,0,2,1,0,3
848,8,8,7,1,7,2,1,3
850,0,0,0,0,0,6,1,3
851,29,20,6,4,17,2,2,3
852,10,5,2,2,3,2,9,3
854,6,4,3,0,1,3,7,3
855,9,9,8,0,8,5,1,4
856,6,6,5,1,1,3,1,3
857,18,18,14,4,11,1,1,3
859,8,5,2,0,3,3,2,3
861,10,5,4,0,3,3,9,3
862,35,5,2,0,4,3,7,3
864,18,5,4,0,2,2,4,3
865,9,5,3,1,3,3,5,3
867,31,9,8,0,0,3,3,4
868,9,1,0,0,0,2,4,3
869,6,5,1,0,4,6,1,3
872,4,2,2,2,2,2,6,4
874,10,3,2,0,2,2,2,4
875,8,2,1,2,2,2,5,3
878,6,5,4,0,3,3,0,4
879,5,5,3,0,3,3,1,3
880,17,17,14,5,15,2,1,4
881,10,10,2,7,8,3,1,3
882,4,3,0,0,2,2,0,3
885,5,5,2,0,3,1,1,3
887,7,4,2,0,2,2,2,3
888,6,5,2,3,4,2,0,3
889,10,10,8,5,3,3,1,3
893,3,2,2,1,2,3,0,3
894,17,5,3,1,3,1,2,3
895,8,6,4,0,2,2,3,3
896,5,3,2,0,2,3,6,3
897,28,2,0,2,2,3,5,3
899,16,13,10,4,8,2,3,3
900,10,5,4,0,0,3,5,3
901,33,12,9,3,8,0,6,3
902,12,5,2,2,2,2,4,3
903,8,7,6,7,7,2,0,4
904,10,10,0,0,9,2,1,3
905,31,31,6,14,7,3,1,3
909,13,5,4,0,4,2,8,3
910,7,4,3,0,3,4,3,3
911,1,1,0,0,1,2,1,4
912,8,4,3,0,3,5,6,3
913,8,8,7,7,1,0,1,3
916,4,4,2,0,2,3,1,3
918,3,1,0,0,0,3,9,3
920,4,1,0,0,0,2,4,4
922,2,2,2,0,2,3,1,3
923,1,1,0,0,0,3,1,3
924,17,16,8,4,11,2,0,3
925,3,3,2,1,2,3,1,3
926,4,3,2,0,2,3,0,3
927,10,7,7,1,0,1,4,3
930,6,2,2,2,2,2,5,3
932,8,2,2,2,2,2,7,4
933,1,1,1,0,0,2,1,3
934,1,1,0,1,0,3,1,3
936,10,5,4,0,3,6,7,3
939,6,3,2,0,2,1,3,3
940,24,6,0,0,4,3,2,3
941,13,7,7,5,2,2,3,3
942,10,10,6,0,7,2,1,4
944,29,26,9,1,7,3,4,3
945,13,0,0,0,0,2,4,3
947,9,9,8,0,0,2,1,3
949,8,6,2,0,1,6,2,3
950,15,15,12,5,11,3,1,3
951,5,3,0,0,2,3,6,4
952,1,1,0,0,0,2,1,3
954,11,1,0,0,0,2,2,3
956,7,7,7,0,7,2,1,3
957,20,18,13,2,17,3,2,3
958,16,11,8,3,9,6,4,4
959,1,1,0,0,0,3,1,3
960,1,1,0,0,0,2,1,3
961,10,9,7,8,5,2,0,3
964,3,1,1,0,0,2,8,3
966,8,8,7,6,3,2,1,3
967,16,16,7,3,7,6,1,3
969,6,5,0,1,4,3,0,3
970,17,14,1,11,7,2,5,3
972,9,9,7,0,8,5,1,3
974,3,3,1,0,2,5,1,3
975,5,5,2,1,0,3,1,3
976,26,9,8,7,8,2,2,3
977,7,1,0,0,0,4,4,4
981,22,17,13,15,2,3,6,3
982,10,8,4,7,7,2,5,3
983,6,5,3,1,3,1,1,3
984,12,10,9,0,8,2,6,3
985,9,8,7,0,7,3,0,3
986,22,1,0,0,0,2,4,3
987,20,19,10,2,7,3,1,3
990,12,7,7,0,7,3,4,3
991,4,3,2,1,2,0,0,4
992,10,10,8,6,0,2,1,3
994,3,0,0,0,0,5,6,4
995,5,3,2,0,2,4,3,3
996,8,5,3,0,2,2,3,3
997,32,5,4,1,3,1,9,4
998,6,6,5,1,2,2,1,3
999,21,18,16,0,11,2,2,3
1001,4,2,2,2,2,2,9,3
1002,9,9,8,0,8,2,1,3
1003,9,9,0,0,7,0,1,3
1004,7,5,2,0,1,2,4,3
1005,22,12,11,1,5,2,3,3
1006,3,2,1,0,2,0,0,3
1007,13,8,7,0,7,3,6,3
1009,5,4,2,3,2,6,1,3
1010,5,4,2,0,2,2,1,4
1011,4,4,3,0,3,1,1,3
1012,0,0,0,0,0,2,1,3
1013,22,10,7,0,8,2,8,3
1014,16,16,10,10,1,3,1,3
1015,9,8,7,1,7,4,0,3
1016,1,1,0,0,0,2,1,3
1017,4,3,2,1,2,3,0,3
1018,8,8,7,1,3,2,1,3
1019,4,4,3,1,1,3,1,3
1022,19,2,2,2,2,0,2,3
1024,27,15,11,4,8,3,7,3
1025,8,2,2,2,1,6,6,3
1026,21,21,6,11,8,3,1,3
1027,4,3,2,2,2,2,0,3
1028,3,3,2,1,2,4,1,4
1029,21,1,0,0,0,3,6,3
1030,8,1,0,0,0,5,4,3
1032,30,5,3,4,3,4,3,3
1033,15,1,0,0,0,2,5,3
1034,17,8,7,6,7,3,3,3
1035,21,21,16,5,10,3,1,4
1036,19,1,0,0,0,1,8,3
1037,7,2,2,2,2,6,8,3
1038,33,32,14,6,9,3,1,3
1039,23,12,11,11,11,2,3,3
1040,19,18,7,0,13,3,0,3
1042,18,17,13,15,14,1,1,3
1043,21,21,6,2,8,2,1,3
1044,3,2,2,2,2,2,0,3
1045,26,9,3,1,1,4,3,3
1046,10,8,7,7,7,2,9,3
1047,16,15,1,0,9,2,0,3
1048,14,6,4,0,4,1,3,3
1049,6,6,3,0,4,3,1,3
1050,30,15,7,6,12,2,2,3
1052,9,1,0,0,0,3,7,3
1053,6,3,2,1,2,2,6,3
1055,1,1,1,0,0,2,1,3
1056,1,1,0,0,0,5,1,4
1060,8,2,2,2,2,2,3,3
1061,29,8,1,7,7,2,2,3
1062,8,4,3,0,1,3,3,3
1066,8,7,7,7,5,3,1,3
1068,5,5,3,1,3,5,1,3
1069,23,2,2,2,2,0,9,3
1070,13,9,4,7,0,4,6,3
1071,18,5,4,0,3,4,2,3
1073,15,14,8,7,8,2,0,3
1074,31,9,7,6,2,3,7,3
1076,18,1,0,0,0,5,5,3
1077,2,2,2,0,2,3,1,3
1079,1,1,0,1,0,6,1,3
1080,19,16,13,1,7,2,8,4
1081,18,10,0,2,7,2,9,3
1082,10,10,7,1,9,2,1,3
1083,6,5,3,1,3,2,1,3
1084,7,6,2,0,2,1,0,3
1085,10,10,6,0,8,3,1,3
1088,20,19,9,1,9,4,0,3
1092,14,11,10,11,1,6,4,4
1094,3,3,2,1,2,4,1,3
1096,23,3,2,1,2,4,3,3
1097,10,8,7,1,7,4,3,3
1098,24,20,6,3,6,1,9,3
1099,9,3,2,1,2,2,4,3
1100,9,8,7,4,7,2,0,4
1101,14,13,7,3,8,4,1,4
1102,4,4,2,2,2,5,1,3
1103,7,6,2,0,4,1,0,3
1105,8,1,0,0,0,5,2,3
1106,7,7,7,5,6,3,1,3
1107,1,1,1,0,0,0,1,4
1108,5,2,2,2,2,0,4,4
1109,23,22,6,13,7,3,0,3
1111,1,1,0,0,0,2,1,3
1113,5,0,0,0,0,4,3,3
1114,4,3,2,0,2,3,0,3
1115,6,0,0,0,0,2,3,3
1116,27,5,4,2,1,3,2,4
1117,15,15,10,4,12,2,1,3
1118,18,8,6,4,0,4,7,3
1119,9,8,7,2,7,2,0,3
1120,11,7,5,1,7,1,4,4
1121,10,9,7,1,7,3,0,3
1124,23,12,9,4,9,3,3,3
1125,10,1,0,0,0,2,7,3
1126,18,8,7,0,1,1,8,3
1127,21,18,7,11,5,4,7,3
1128,21,20,7,4,9,2,1,3
1131,2,2,2,2,2,6,1,3
1132,9,5,4,0,3,2,9,3
1133,18,11,9,0,9,0,2,4
1135,3,2,2,2,2,4,0,3
1136,6,5,3,0,4,2,0,3
1137,5,5,2,0,2,3,1,3
1138,22,9,8,2,3,3,6,3
1140,5,3,2,0,2,3,2,3
1143,8,7,5,1,1,2,0,3
1148,16,1,0,0,0,3,4,3
1150,10,10,7,1,2,2,1,3
1152,7,7,6,5,0,2,1,3
1154,3,3,1,0,2,2,1,3
1156,0,0,0,0,0,0,1,3
1157,6,5,2,0,3,3,0,3
1158,6,1,0,0,0,4,3,3
1160,2,2,2,2,2,5,1,3
1161,9,6,2,1,3,2,7,3
1162,4,4,2,2,2,0,1,3
1163,6,6,5,1,3,3,1,4
1164,6,5,4,1,4,2,1,3
1165,11,11,8,3,10,3,1,3
1166,20,18,7,2,13,3,9,3
1167,22,21,9,13,14,2,0,3
1171,9,6,4,1,5,3,7,3
1172,10,8,0,1,7,2,6,3
1173,6,4,3,1,2,2,8,4
1175,1,1,1,0,0,4,1,3
1177,8,8,7,0,7,2,1,4
1179,10,10,3,1,4,3,1,3
1180,16,1,1,0,0,3,3,3
1182,15,7,7,6,4,2,2,3
1184,14,13,9,4,9,3,0,4
1185,2,2,2,2,2,2,1,3
1188,7,4,3,1,3,2,8,3
1190,1,1,0,0,0,3,1,3
1191,28,5,2,4,2,2,4,3
1192,10,10,8,0,8,5,1,3
1193,1,1,1,0,0,4,1,4
1195,7,3,2,0,2,2,4,3
1196,14,14,8,3,11,2,1,3
1198,2,2,2,1,2,2,1,3
1200,6,6,4,0,2,4,1,3
1201,26,7,7,4,7,6,3,3
1202,6,5,4,1,3,2,0,3
1203,1,0,0,0,0,5,0,3
1204,28,26,15,15,9,2,8,4
1206,6,0,0,0,0,3,2,3
1207,5,5,4,1,4,2,1,3
1210,5,1,0,0,0,2,6,3
1211,8,4,3,0,3,3,8,3
1212,5,0,0,0,0,2,5,3
1215,32,2,2,2,2,3,2,4
1216,6,6,5,3,3,2,1,3
1217,25,4,2,0,3,2,5,3
1218,15,7,7,1,7,2,3,3
1219,1,1,0,0,0,3,1,3
1220,10,10,7,0,1,3,1,3
1221,7,7,7,1,7,4,1,3
1224,10,10,7,8,9,4,1,3
1225,20,20,11,13,17,3,1,4
1226,2,2,1,2,2,2,1,3
1228,12,6,3,1,4,3,2,3
1231,10,4,3,0,3,3,7,3
1233,12,11,7,1,9,3,0,3
1234,2,2,2,2,2,2,1,4
1235,10,8,7,0,7,2,4,3
1237,17,7,7,7,7,2,2,4
1238,15,14,10,4,10,5,0,3
1239,7,5,1,1,3,2,7,3
1240,5,4,3,1,1,4,0,3
1241,12,11,9,5,7,2,0,4
1242,20,1,0,0,0,6,3,3
1243,16,13,2,4,12,6,4,3
1244,9,9,7,6,8,3,1,3
1245,33,5,4,1,4,2,7,3
1246,10,10,5,7,7,5,1,3
1248,1,1,1,0,0,2,1,4
1249,3,3,2,1,2,5,1,3
1250,36,10,9,0,9,2,3,3
1251,6,6,5,0,1,2,1,3
1252,10,10,9,1,8,2,1,3
1254,13,6,1,0,5,2,5,3
1255,25,8,7,0,7,2,3,3
1256,23,1,0,0,0,2,2,3
1257,12,11,10,0,7,2,1,3
1258,7,1,0,0,0,4,5,3
1259,5,5,3,0,3,2,1,3
1260,6,6,0,1,0,2,1,3
1263,25,1,0,0,0,3,6,3
1264,9,7,7,1,7,2,3,3
1265,2,1,0,0,0,5,0,3
1267,26,22,9,3,10,5,7,3
1268,10,9,8,0,8,3,0,3
1269,1,1,0,0,1,2,1,3
1270,1,1,0,0,1,2,1,4
1273,1,1,0,1,0,4,1,3
1275,8,8,5,2,2,2,1,4
1277,26,24,10,1,11,2,2,3
1278,34,33,9,15,0,3,1,3
1279,2,2,2,2,2,2,1,4
1280,26,11,4,0,8,2,2,3
1281,4,3,2,0,2,3,0,3
1282,31,29,10,11,10,5,4,4
1283,25,9,7,5,4,6,6,3
1285,15,11,8,5,10,2,4,3
1286,5,4,2,0,2,2,0,3
1288,26,25,9,14,13,4,1,3
1289,14,10,9,1,8,5,4,3
1291,4,3,2,2,2,3,0,3
1292,18,1,0,0,0,2,6,3
1293,23,21,7,15,17,3,3,3
1294,18,16,14,5,12,2,9,3
1295,10,10,7,0,5,2,1,3
1296,2,2,2,2,2,2,1,3
1297,8,7,0,7,7,6,0,3
1298,10,8,4,1,7,3,7,3
1299,10,7,7,7,7,2,3,3
1301,5,3,2,1,2,2,2,3
1303,2,2,2,2,1,3,1,3
1304,10,10,7,0,8,4,1,3
1306,22,0,0,0,0,4,3,4
1307,21,19,9,15,2,4,6,3
1308,2,2,2,2,2,3,1,3
1309,10,10,4,1,1,3,1,3
1310,6,5,2,0,3,2,0,3
1311,10,9,2,6,7,6,0,3
1312,10,7,7,1,7,0,3,3
1314,10,7,6,5,7,3,6,3
1315,10,9,8,7,5,6,0,3
1317,25,3,2,1,2,2,4,3
1318,9,5,4,1,0,2,2,3
1319,10,8,7,7,7,2,9,3
1321,9,9,1,0,8,2,1,4
1322,9,8,7,1,7,6,0,3
1324,10,10,8,9,6,5,1,3
1329,19,19,2,11,9,4,1,3
1331,3,3,2,2,2,2,1,3
1333,10,3,2,1,2,4,4,3
1334,21,20,8,2,10,3,0,3
1336,23,19,9,9,11,5,4,3
1338,36,7,3,7,7,4,6,3
1340,6,4,2,0,0,0,9,3
1344,10,9,7,1,6,0,0,3
1346,9,9,8,8,8,4,1,3
1349,10,9,3,1,7,2,0,3
1350,9,9,6,1,1,3,1,3
1352,33,33,9,0,10,2,1,3
1355,11,7,7,1,7,3,3,3
1356,10,10,8,9,6,6,1,3
1358,7,3,2,1,2,6,3,3
1360,31,10,9,5,9,0,7,3
1361,7,4,2,0,3,3,3,4
1362,17,15,7,6,13,2,2,3
1363,11,10,9,0,8,2,1,3
1364,5,1,0,0,0,4,8,3
1367,29,5,2,0,3,1,3,3
1368,0,0,0,0,0,5,1,3
1369,10,9,7,0,0,0,0,3
1371,8,6,2,0,0,3,3,4
1372,24,19,7,3,8,2,6,3
1373,33,19,16,15,9,0,4,3
1374,5,5,4,0,0,2,1,4
1375,15,12,11,11,8,0,5,4
1377,10,8,7,7,7,1,4,3
1379,3,1,0,0,0,3,7,3
1380,5,4,2,3,2,0,0,3
1382,4,4,2,0,3,2,1,3
1383,14,14,11,4,11,2,1,3
1387,5,5,3,0,4,0,1,3
1389,10,10,2,6,7,3,1,3
1390,8,5,4,1,4,2,3,3
1391,14,4,2,3,2,5,2,3
1392,12,6,2,3,3,4,3,3
1394,8,6,4,1,3,2,7,3
1395,8,5,4,1,2,2,6,3
1396,4,3,2,1,2,3,0,3
1397,13,6,4,0,5,2,3,4
1399,6,3,2,1,2,3,2,3
1401,24,5,3,0,2,3,2,3
1402,20,20,7,1,8,3,1,3
1403,6,6,2,4,4,3,1,3
1405,8,8,2,7,7,2,1,3
1407,5,4,3,1,1,2,0,3
1408,21,20,7,0,9,5,0,3
1409,12,5,4,0,4,2,9,3
1411,8,3,2,0,2,6,4,3
1412,10,2,2,2,2,2,2,3
1415,7,3,2,0,2,2,4,3
1417,8,7,7,0,7,2,0,3
1419,10,10,9,0,9,3,1,3
1420,20,4,3,1,3,2,3,4
1421,9,8,7,7,7,1,0,3
1422,29,20,7,12,7,3,6,3
1423,32,9,8,1,5,3,3,4
1424,31,7,7,0,0,4,2,3
1425,15,5,4,0,1,3,3,3
1427,1,1,0,0,0,3,1,3
1428,8,3,2,0,2,3,7,3
1430,9,3,2,1,0,3,3,3
1431,10,4,3,1,3,2,5,3
1433,1,1,0,0,0,3,1,3
1434,6,5,0,1,4,3,0,3
1435,10,10,4,1,8,2,1,3
1436,11,3,2,0,2,3,4,3
1438,17,6,5,1,2,2,7,3
1439,6,3,2,2,2,2,3,3
1440,7,6,5,1,3,2,0,3
1441,5,3,2,1,0,3,2,4
1443,26,20,17,5,6,2,3,3
1445,5,5,4,0,3,3,1,3
1446,7,4,3,0,3,3,4,3
1447,7,5,4,0,2,2,5,3
1448,7,4,2,0,3,5,2,3
1449,11,8,7,0,7,2,3,3
1453,13,13,7,9,9,5,1,3
1457,28,7,7,4,3,1,4,3
1458,11,1,0,0,0,2,2,4
1459,10,10,8,4,7,2,1,3
1460,24,7,7,0,7,2,2,3
1461,8,3,2,0,2,3,9,3
1464,7,2,2,2,2,2,6,3
1465,10,3,1,1,2,4,4,3
1466,15,2,2,2,2,3,4,3
1467,2,2,2,2,2,0,1,3
1468,16,9,8,4,8,5,2,3
1469,6,5,4,1,3,4,0,3
1471,7,5,2,0,3,5,3,3
1472,35,9,8,8,8,2,4,3
1473,20,3,2,1,2,0,2,3
1474,8,3,1,1,2,3,2,3
1475,6,5,2,1,3,3,1,3
1477,5,4,3,0,3,2,0,3
1478,15,13,9,3,12,2,3,3
1479,4,2,1,2,2,2,8,3
1480,12,12,9,5,8,3,1,3
1481,11,1,0,0,0,4,7,3
1482,1,1,0,0,0,2,1,3
1483,13,12,9,2,8,2,0,4
1484,29,8,7,0,7,3,3,3
1485,16,14,8,6,9,3,7,3
1486,5,3,2,1,2,3,3,3
1487,7,5,3,0,0,4,5,3
1489,16,15,9,10,10,2,0,4
1492,1,1,0,0,0,3,1,3
1494,4,0,0,0,0,2,2,3
1495,1,1,0,0,0,2,1,3
1496,16,2,2,2,2,2,5,3
1497,10,10,7,0,4,3,1,3
1499,6,5,3,1,3,3,0,4
1501,4,3,2,1,2,2,0,3
1502,8,5,4,0,2,5,8,3
1503,11,5,4,1,2,4,3,3
1504,8,0,0,0,0,2,7,3
1506,1,1,0,0,0,2,1,3
1507,5,4,2,1,3,5,0,3
1509,10,3,2,1,2,3,4,4
1513,4,3,2,0,2,3,0,3
1514,8,8,6,1,7,2,1,3
1515,14,0,0,0,0,6,2,3
1516,10,5,2,0,0,5,2,4
1520,26,14,9,1,12,2,3,4
1522,11,9,7,0,7,2,6,3
1523,24,20,6,14,17,1,3,3
1525,9,2,0,2,2,3,4,3
1527,23,13,12,5,1,2,8,3
1529,11,11,8,3,3,3,1,3
1533,5,4,3,1,2,2,0,3
1534,15,5,4,1,0,3,3,3
1535,10,10,9,8,6,3,1,3
1537,7,7,2,7,7,2,1,3
1539,32,32,6,13,9,2,1,3
1541,12,11,10,5,7,4,0,4
1542,4,1,0,0,0,3,4,3
1543,10,10,8,3,7,2,1,3
1544,9,7,7,0,7,3,3,3
1545,5,5,3,0,2,2,1,3
1546,8,5,4,0,3,3,4,4
1547,24,20,8,13,9,3,2,3
1548,9,8,4,7,1,5,0,3
1549,15,15,14,5,7,3,1,3
1550,21,21,7,7,7,2,1,4
1551,2,1,1,0,0,3,0,3
1552,8,2,2,2,2,2,3,3
1553,10,10,8,7,7,4,1,3
1554,6,5,3,4,2,5,0,4
1555,12,7,1,2,5,2,3,3
1556,7,3,2,1,2,3,3,4
1557,18,8,7,7,7,2,8,3
1558,5,1,0,0,0,2,6,3
1560,8,2,2,2,2,6,2,3
1562,10,10,8,6,7,4,1,3
1563,10,6,3,1,2,2,3,3
1564,3,3,0,1,2,3,1,3
1568,9,4,2,1,3,3,3,3
1569,1,1,0,0,0,2,1,3
1572,34,33,7,1,9,4,0,3
1573,7,5,2,1,4,2,4,3
1574,9,6,5,1,2,3,4,3
1576,10,8,2,7,6,3,8,3
1577,1,1,0,0,0,4,1,3
1578,36,36,6,2,13,3,1,4
1580,9,2,2,2,1,3,9,3
1581,1,1,0,0,0,5,1,4
1582,10,9,8,7,7,3,0,3
1583,8,3,2,1,2,5,2,3
1585,15,1,0,0,0,5,6,3
1586,10,10,9,1,5,3,1,3
1587,10,5,2,0,4,4,3,3
1588,11,7,6,7,6,3,2,3
1590,6,6,4,1,3,0,1,3
1591,27,1,0,0,0,2,4,3
1592,4,2,2,2,2,2,2,3
1594,9,3,2,0,2,3,3,3
1595,24,1,0,0,1,2,8,4
1596,10,10,9,6,8,3,1,3
1597,8,8,2,7,7,3,1,3
1598,5,5,4,1,2,2,1,3
1599,8,6,4,0,2,0,5,3
1601,1,1,0,0,1,5,1,3
1602,27,26,0,0,12,5,1,3
1604,1,1,1,0,0,3,1,3
1605,4,4,2,1,3,2,1,3
1606,32,30,8,12,13,3,2,3
1607,6,3,2,0,2,3,3,3
1608,23,22,7,1,10,4,0,3
1609,6,6,4,1,1,3,1,3
1611,10,10,7,1,4,3,1,3
1612,10,10,7,4,5,2,1,3
1613,10,5,2,0,3,3,7,3
1614,7,3,2,1,1,2,9,3
1615,9,9,7,7,2,3,1,3
1617,10,9,6,1,4,3,1,3
1618,10,7,7,7,7,3,2,3
1619,7,7,7,0,7,3,1,3
1621,16,16,15,1,10,2,1,3
1622,6,5,3,0,0,5,0,4
1623,3,2,2,2,2,2,1,3
1624,0,0,0,0,0,2,1,3
1625,27,5,2,1,0,2,3,3
1627,11,10,8,0,7,3,0,3
1628,18,18,15,14,12,2,1,3
1630,15,14,11,2,9,5,1,3
1631,9,4,3,0,2,2,3,3
1633,10,9,2,3,8,2,0,3
1635,10,10,7,3,9,3,1,3
1638,10,5,4,0,2,6,3,3
1639,15,13,12,6,0,3,9,3
1640,8,8,4,7,7,2,1,3
1641,18,4,2,3,3,2,6,3
1642,14,10,7,0,2,3,4,3
1644,23,2,2,2,2,3,2,4
1645,7,2,2,2,2,2,6,3
1646,6,6,3,1,3,2,1,3
1647,5,3,2,0,2,0,7,3
1648,6,4,2,1,2,0,2,3
1649,10,4,2,0,3,3,3,3
1650,8,5,2,1,4,2,9,3
1651,9,3,2,0,2,6,4,3
1653,7,7,7,0,7,6,1,3
1654,7,5,4,1,0,3,4,4
1655,27,4,2,1,2,2,3,3
1656,19,14,11,1,11,3,5,3
1657,2,2,2,2,2,3,1,3
1658,11,11,8,7,9,2,1,3
1659,15,4,3,1,3,4,2,3
1661,30,15,11,2,12,3,2,3
1662,4,3,2,1,2,6,0,3
1664,13,5,4,0,4,3,6,4
1665,36,10,8,4,7,6,3,4
1666,14,14,10,6,11,3,1,4
1667,13,11,9,6,7,2,3,4
1668,19,13,11,2,9,4,7,3
1669,10,10,0,0,9,3,1,3
1670,6,6,2,0,4,5,1,3
1671,10,9,5,1,6,4,0,3
1673,10,10,0,0,2,2,1,3
1674,17,2,2,2,2,2,4,3
1675,4,4,3,3,3,3,1,4
1676,29,3,2,1,2,2,6,3
1677,23,8,7,0,0,2,4,3
1678,21,2,0,0,2,2,3,3
1680,2,2,2,0,2,3,1,3
1681,7,6,5,1,2,2,1,4
1682,10,3,2,0,2,2,6,3
1683,8,2,2,2,2,2,4,3
1684,5,5,4,1,2,2,1,3
1687,7,0,0,0,0,5,7,3
1689,11,4,3,1,2,2,3,3
1691,19,9,7,7,7,3,2,3
1692,1,1,0,0,0,2,1,3
1693,7,7,7,5,7,5,1,4
1694,8,4,2,1,2,1,5,3
1696,15,15,10,4,13,3,1,3
1697,19,1,0,0,0,2,3,4
1698,14,14,11,2,13,6,1,3
1700,6,6,3,1,3,2,1,3
1701,10,10,9,8,7,3,1,3
1702,3,3,2,0,2,2,1,4
1703,9,8,7,6,7,2,1,3
1704,6,5,4,1,4,2,0,3
1706,10,10,9,8,8,3,1,3
1707,5,5,3,0,4,1,1,3
1708,10,10,8,8,7,3,1,3
1709,9,5,3,1,2,2,9,3
1710,17,13,7,6,7,2,3,3
1712,25,23,15,14,4,3,3,4
1714,1,1,0,0,0,2,1,3
1716,25,23,5,14,10,3,7,3
1718,3,3,2,0,2,3,1,3
1719,21,21,6,8,6,2,1,3
1720,10,5,2,1,3,3,6,3
1721,6,5,2,0,3,2,1,3
1722,10,3,2,1,2,4,6,3
1724,18,1,0,0,0,3,2,3
1725,6,6,2,1,2,2,1,3
1727,19,10,7,0,9,3,6,3
1728,17,7,7,0,7,3,2,3
1729,10,10,0,0,8,2,1,3
1731,4,1,0,0,0,3,7,3
1732,13,10,6,0,3,5,4,3
1733,16,2,2,2,2,3,5,3
1734,10,0,0,0,0,2,6,3
1735,3,3,2,1,2,3,1,3
1736,9,5,4,1,4,3,2,4
1737,9,9,8,5,8,2,1,3
1739,10,4,3,0,2,2,3,3
1740,21,21,8,12,8,3,1,3
1744,9,5,0,0,3,2,4,4
1745,10,9,7,0,7,2,0,3
1746,3,2,2,2,1,2,0,3
1747,6,4,2,1,2,0,6,3
1749,6,5,2,0,2,3,1,3
1751,6,6,2,1,4,5,1,3
1752,2,2,2,2,2,3,1,3
1753,10,3,2,0,2,5,8,3
1754,12,7,7,1,7,2,2,3
1755,6,5,0,1,2,3,0,3
1756,13,11,7,1,7,2,8,3
1757,8,5,1,0,4,1,3,3
1758,11,0,0,0,0,2,2,4
1760,9,6,1,0,5,4,4,3
1761,10,1,0,0,0,2,2,3
1762,1,1,0,0,0,2,1,3
1763,10,7,0,1,7,3,3,3
1764,12,7,7,0,7,3,2,3
1766,15,1,0,1,0,2,3,3
1767,6,1,0,0,0,4,9,3
1768,7,5,3,0,4,6,8,4
1770,34,1,0,0,0,2,8,3
1771,11,9,8,1,7,2,5,3
1772,5,5,3,0,4,2,1,4
1774,15,15,14,0,7,3,1,3
1775,27,3,2,0,2,2,4,4
1778,10,9,7,1,8,5,0,3
1779,6,2,2,2,2,3,5,3
1780,1,1,0,1,0,3,1,3
1782,5,5,4,0,4,3,1,3
1783,1,1,0,0,0,6,1,3
1784,13,12,7,5,7,3,1,3
1786,15,2,2,2,2,2,2,3
1787,5,5,2,0,3,2,1,3
1789,24,2,1,2,2,3,7,3
1790,15,12,8,5,7,1,7,3
1792,6,5,3,2,3,2,1,3
1794,19,10,0,4,7,4,2,3
1797,10,10,7,7,7,2,1,3
1798,14,10,8,7,6,1,6,3
1799,5,5,3,0,3,6,1,3
1800,9,4,3,2,2,3,7,4
1801,6,2,2,2,2,3,8,3
1802,7,4,3,0,2,5,4,3
1803,10,0,0,0,0,2,5,3
1804,15,7,7,1,7,6,2,3
1805,13,11,10,3,8,3,5,3
1807,11,7,1,0,7,3,4,3
1809,10,10,3,0,8,4,1,3
1812,7,2,1,2,2,6,2,3
1813,7,3,2,1,2,2,4,3
1814,11,3,2,1,2,3,3,3
1815,23,22,14,13,5,3,0,3
1816,9,7,7,0,2,3,9,3
1818,6,5,1,1,4,3,0,3
1821,13,9,7,3,7,2,4,4
1822,12,5,3,0,3,3,4,3
1823,10,10,8,4,8,5,1,4
1824,37,16,9,14,14,0,4,4
1826,6,5,4,0,3,2,0,3
1827,28,22,11,14,10,4,8,3
1829,15,7,4,7,7,3,2,3
1830,14,7,1,1,7,2,4,3
1833,9,3,2,2,2,3,2,3
1834,3,3,2,1,2,3,1,4
1835,20,4,2,0,3,4,2,4
1836,5,5,3,1,2,4,1,3
1837,23,2,2,2,2,3,2,3
1839,0,0,0,0,0,4,1,3
1842,2,1,0,0,0,4,0,3
1844,4,2,2,2,0,3,4,3
1845,10,8,7,5,7,3,4,4
1847,15,1,0,0,0,2,4,4
1849,7,7,7,7,7,5,1,4
1850,6,5,4,0,2,3,0,3
1852,11,11,8,3,10,3,1,3
1853,4,0,0,0,0,2,8,3
1854,10,6,3,3,3,1,3,4
1856,7,2,2,2,0,2,4,3
1857,12,9,8,4,7,4,3,3
1858,3,3,2,2,2,2,1,3
1859,11,7,0,1,6,3,8,3
1860,8,0,0,0,0,3,4,3
1862,7,2,2,2,2,3,7,3
1863,25,19,17,2,8,5,2,3
1864,9,9,8,5,8,5,1,4
1865,1,1,0,0,0,3,1,3
1866,21,16,12,6,14,2,7,3
1867,29,22,10,12,9,3,4,3
1868,1,1,0,1,0,3,1,4
1869,14,8,7,0,7,2,5,4
1870,8,7,6,7,3,2,0,3
1871,7,2,2,2,2,2,8,3
1873,19,5,2,0,4,2,8,4
1875,1,1,0,0,0,3,1,3
1876,1,1,0,0,0,3,1,3
1878,1,1,0,0,0,2,1,4
1880,10,10,9,1,7,4,1,3
1881,10,10,8,0,2,2,1,3
1882,9,5,3,1,0,3,2,3
1883,11,3,2,1,2,2,3,3
1885,16,5,3,0,4,2,5,4
1886,4,3,2,0,2,2,0,3
1888,10,9,8,3,8,2,0,3
1890,10,10,1,0,8,2,1,4
1892,22,19,7,11,16,3,2,3
1893,1,1,0,1,0,3,1,3
1898,9,8,7,0,7,5,0,3
1900,24,22,17,4,7,3,3,3
1903,10,2,0,2,2,5,2,3
1905,5,5,2,3,0,2,1,4
1907,5,4,2,1,0,3,1,3
1908,12,4,2,1,3,1,2,3
1909,14,5,4,1,4,3,5,4
1911,18,13,7,5,7,3,9,3
1912,8,5,2,1,4,2,2,3
1915,9,4,2,0,1,3,3,3
1916,4,2,2,2,2,0,8,3
1918,8,7,7,7,7,3,0,3
1922,12,4,2,0,3,3,4,3
1924,10,10,4,0,9,2,1,3
1927,7,7,7,0,7,2,1,3
1928,1,1,0,0,0,3,1,3
1929,10,3,2,1,2,1,6,3
1931,6,5,3,1,2,3,1,3
1932,16,15,10,6,11,3,1,3
1933,6,2,0,2,2,0,3,3
1934,16,8,7,1,7,4,8,3
1935,6,0,0,0,0,3,4,3
1936,10,10,0,7,9,3,1,4
1937,20,20,11,0,7,3,1,3
1938,29,1,0,0,0,2,4,3
1939,8,4,1,0,3,2,3,3
1940,10,5,2,0,3,0,2,3
1941,28,5,4,4,3,3,3,3
1943,14,0,0,0,0,4,3,3
1944,1,1,0,0,0,2,1,3
1945,6,5,3,0,4,2,0,3
1947,5,5,3,1,4,3,1,3
1948,4,4,2,2,3,3,1,3
1949,5,5,4,0,2,3,1,4
1950,14,14,8,2,1,3,1,4
1951,9,8,7,1,1,2,1,3
1952,8,7,7,7,6,6,0,3
1954,6,5,3,0,2,5,0,3
1955,9,5,1,1,2,6,5,3
1956,10,10,8,8,7,6,1,4
1960,6,4,1,0,3,2,5,3
1961,20,1,0,0,0,3,4,3
1962,10,10,8,0,9,2,1,3
1965,7,7,7,0,7,5,1,3
1966,8,1,0,0,0,1,8,4
1967,10,10,7,0,8,4,1,3
1968,15,2,2,2,2,2,6,3
1969,9,4,3,2,3,6,3,3
1970,9,9,7,2,8,2,1,4
1971,10,10,9,0,9,1,1,3
1972,7,6,2,1,2,2,0,3
1973,35,10,9,1,4,0,4,3
1974,1,1,0,0,0,4,1,3
1975,21,20,8,11,10,3,0,3
1976,20,20,9,3,7,2,1,3
1979,13,11,7,4,8,2,4,4
1980,9,5,2,1,4,3,6,3
1981,4,4,3,1,2,2,1,3
1982,5,5,2,1,4,6,1,3
1985,10,10,9,9,4,2,1,3
1986,15,11,8,5,10,4,3,3
1987,6,2,0,1,2,3,4,3
1989,12,12,8,1,7,6,1,3
1992,7,2,2,0,2,2,6,3
1993,25,17,14,12,11,3,2,4
1994,1,1,1,0,0,2,1,3
1995,16,15,13,5,8,3,0,3
1996,3,2,2,1,2,1,0,3
1997,10,8,3,7,7,1,2,3
1998,9,4,3,1,2,3,6,3
1999,12,5,3,1,0,3,3,4
2000,14,13,8,5,12,3,0,3
2003,5,2,2,2,2,3,7,3
2007,4,3,2,1,2,2,0,3
2008,10,10,7,0,8,5,1,3
2009,10,9,7,8,1,6,0,3
2010,6,6,2,4,1,3,1,3
2012,8,1,0,0,0,3,8,3
2013,3,2,2,2,2,2,0,3
2014,18,7,7,1,7,2,7,3
2015,20,18,16,1,11,3,3,3
2016,14,14,10,5,7,3,1,3
2017,16,16,11,6,8,2,1,4
2018,6,5,3,0,4,3,0,4
2019,16,9,8,0,0,3,2,3
2020,6,4,3,1,2,2,6,3
2021,2,2,2,1,2,6,1,3
2022,21,6,0,1,3,3,2,3
2023,1,1,0,1,0,3,1,3
2024,10,9,7,3,4,2,0,3
2025,18,4,2,0,2,3,7,3
2026,13,13,12,1,9,2,1,4
2027,4,2,2,2,2,3,9,3
2031,24,22,6,4,14,2,5,3
2032,14,10,9,9,8,4,8,3
2034,21,20,7,0,10,3,0,4
2035,8,8,7,1,7,2,1,4
2036,15,15,12,11,11,4,1,4
2037,14,5,4,0,4,5,2,3
2038,4,4,2,1,2,4,1,3
2040,9,9,0,1,7,2,1,3
2041,10,10,7,1,9,1,1,3
2044,12,6,3,0,1,3,7,3
2045,8,6,3,0,0,2,4,3
2046,8,5,3,0,1,3,8,3
2048,8,2,2,2,2,2,2,3
2049,10,10,2,0,2,2,1,3
2051,20,5,3,0,2,2,2,3
2052,4,4,3,1,1,5,1,3
2053,10,4,3,0,3,2,4,3
2054,5,5,4,0,4,3,1,3
2055,20,3,2,2,0,3,4,3
2056,21,20,9,9,6,2,0,3
2057,10,9,4,1,7,2,0,3
2060,5,4,2,0,0,2,0,3
2061,17,5,2,0,3,3,4,3
2062,9,7,7,1,7,5,4,3
2064,6,6,2,0,3,0,1,4
2065,17,9,6,0,8,3,2,3
2068,6,4,3,1,2,3,2,3
