EmployeeNumber,EnvironmentSatisfaction,JobSatisfaction,RelationshipSatisfaction,Attrition,WorkLifeBalance,JobInvolvement
1,2,4,1,Yes,1,3
2,3,2,4,No,3,2
4,4,3,2,Yes,3,2
5,4,3,3,No,3,3
7,1,2,4,No,3,3
8,4,4,3,No,2,3
10,3,1,1,No,2,4
11,4,3,2,No,3,3
12,4,3,2,No,3,2
13,3,3,2,No,2,3
14,1,2,3,No,3,4
15,4,3,4,No,3,2
16,1,3,4,No,2,3
18,2,4,3,No,3,3
19,3,3,2,Yes,3,2
20,2,1,3,No,3,4
21,1,2,4,No,2,4
22,4,4,2,No,2,4
23,1,4,3,No,3,2
24,4,4,3,No,3,3
26,1,3,4,No,2,4
27,3,1,2,Yes,3,2
28,1,2,3,No,3,3
30,3,4,4,No,3,3
31,2,1,3,Yes,3,3
32,3,3,4,No,2,3
33,2,1,2,Yes,3,1
35,3,2,4,No,3,3
36,1,4,4,No,3,2
38,2,1,4,No,2,3
39,3,4,4,No,3,3
40,4,4,4,No,4,3
41,4,3,1,No,3,2
42,4,4,3,Yes,4,3
45,2,4,1,Yes,2,3
46,4,3,4,No,2,4
47,1,3,3,Yes,3,2
49,4,4,1,No,3,3
51,2,1,4,No,4,2
52,3,1,1,No,3,4
53,3,4,3,No,3,3
54,4,1,4,No,3,3
55,1,3,3,Yes,2,1
56,4,3,4,No,3,3
57,3,4,4,No,3,3
58,2,3,4,Yes,3,3
60,2,3,3,No,3,3
61,2,2,1,No,3,3
62,1,4,3,No,3,3
63,4,4,4,No,3,4
64,1,3,4,Yes,3,2
65,3,3,3,Yes,2,3
68,2,1,3,No,2,3
70,3,1,3,No,3,2
72,3,4,3,No,2,2
73,1,4,3,No,3,3
74,2,1,4,No,2,3
75,3,1,3,No,3,3
76,4,4,4,No,2,3
77,1,3,3,No,4,2
78,1,4,2,No,3,3
79,4,4,4,No,3,3
80,2,3,4,No,2,2
81,1,1,4,No,2,3
83,3,3,2,No,3,3
84,4,3,3,No,3,3
85,2,2,3,No,3,2
86,2,1,3,No,3,3
88,2,1,4,No,2,3
90,4,3,1,Yes,2,2
91,1,3,4,No,2,2
94,3,2,4,No,3,3
95,3,2,2,No,3,3
96,2,2,2,No,3,3
97,2,4,2,No,3,4
98,3,4,4,No,3,3
100,3,1,2,No,3,2
101,4,1,2,No,4,3
102,1,3,1,No,4,3
103,2,2,4,No,3,3
104,4,4,3,No,2,2
105,2,3,1,No,3,2
106,1,4,4,No,3,3
107,2,4,4,No,3,1
110,1,2,3,No,3,3
112,4,4,1,No,2,1
113,3,1,3,No,3,3
116,4,4,2,No,3,3
117,3,4,1,No,3,2
118,3,4,4,Yes,3,2
119,3,2,4,No,2,2
120,3,4,4,No,1,3
121,3,2,2,No,2,2
124,3,1,3,No,2,2
125,2,3,1,No,3,3
126,1,3,1,No,1,3
128,1,3,1,No,2,3
129,2,3,2,No,4,3
131,4,3,3,No,2,3
132,2,2,3,No,4,3
133,3,1,4,Yes,3,3
134,4,1,4,No,3,3
137,4,4,2,Yes,3,2
138,1,3,3,No,3,3
139,3,4,4,No,4,2
140,3,4,4,No,3,2
141,1,2,1,No,2,3
142,3,3,4,Yes,3,2
143,4,4,3,No,3,2
144,2,4,3,No,3,3
145,1,1,3,No,2,2
147,1,3,4,Yes,3,1
148,4,4,3,No,3,4
150,2,3,3,No,3,3
151,3,2,3,No,3,2
152,3,4,1,No,3,3
153,3,1,4,No,3,2
154,2,4,3,No,3,3
155,1,4,1,No,3,3
158,3,4,4,No,4,3
159,1,3,3,No,2,1
160,3,2,1,No,4,3
161,2,2,1,Yes,3,3
162,1,3,3,No,3,3
163,2,3,2,Yes,2,1
164,3,2,3,No,2,2
165,4,4,4,Yes,2,3
167,4,3,4,Yes,2,3
169,3,4,3,No,3,3
170,3,1,3,No,2,3
171,2,3,4,No,3,4
174,3,4,4,No,3,3
175,2,3,3,Yes,3,1
176,3,3,3,No,3,3
177,3,3,4,No,3,3
178,2,2,4,No,3,3
179,1,4,4,Yes,3,1
182,4,3,3,No,4,2
183,1,3,4,No,3,2
184,3,4,4,No,1,3
190,1,1,1,Yes,4,3
192,3,4,2,No,2,3
193,4,3,2,No,3,3
194,1,3,3,No,2,3
195,4,4,4,No,4,1
197,4,1,4,No,3,3
198,2,4,4,No,3,2
199,4,1,2,No,2,2
200,3,1,4,No,3,3
201,2,2,4,No,3,3
202,2,2,1,No,3,3
204,3,2,1,No,3,3
205,2,3,4,No,1,3
206,2,2,3,No,1,3
207,2,4,4,No,3,3
208,4,3,1,No,3,3
211,2,3,3,No,3,2
214,2,2,2,No,2,2
215,3,4,1,No,2,2
216,3,3,4,No,3,3
217,3,4,1,No,3,3
218,4,2,4,No,1,3
221,3,4,3,No,1,3
223,3,4,2,No,1,4
224,3,3,4,No,2,2
226,3,2,2,No,3,3
227,1,3,1,No,3,3
228,2,4,3,No,3,3
230,1,4,3,No,4,2
231,3,3,1,No,3,3
233,3,2,4,No,2,3
235,3,1,1,Yes,4,1
238,4,2,3,No,2,3
239,3,1,3,No,3,3
240,3,1,1,No,4,3
241,3,1,3,No,3,3
242,3,4,1,No,4,3
243,2,4,3,Yes,2,2
244,2,1,3,No,3,3
245,3,4,3,No,3,3
246,3,4,3,No,3,3
247,4,2,4,No,3,3
248,2,2,4,Yes,2,3
249,3,3,4,No,2,2
250,4,1,3,No,3,4
252,4,2,4,No,3,3
253,4,3,2,No,3,3
254,3,2,4,No,3,4
256,4,3,3,No,2,2
258,4,2,3,No,3,3
259,3,3,1,No,3,2
260,4,2,4,No,2,3
261,2,3,1,Yes,3,2
262,4,4,4,No,4,4
264,1,4,4,No,3,2
267,2,1,1,No,2,4
269,2,2,4,No,3,3
270,3,3,2,No,3,3
271,4,3,2,No,3,3
273,4,4,1,No,1,3
274,3,1,3,No,3,2
275,4,4,1,No,3,3
277,4,3,4,No,4,3
281,3,4,3,No,4,3
282,2,1,2,Yes,3,3
283,2,4,4,Yes,2,3
284,4,2,1,No,2,4
286,2,4,1,No,3,3
287,4,4,4,No,1,2
288,4,1,3,No,3,3
291,4,4,3,Yes,2,1
292,3,3,3,No,3,2
293,4,3,4,No,3,3
296,2,2,4,No,1,2
297,4,1,3,Yes,3,3
298,4,4,3,No,3,3
299,3,1,3,Yes,2,2
300,3,3,4,Yes,2,3
302,4,4,4,No,3,2
303,4,1,4,No,3,3
304,4,2,4,No,4,3
305,3,2,4,No,3,2
306,2,4,3,No,3,3
307,1,3,3,No,2,3
308,3,3,4,No,3,1
309,3,4,1,No,3,2
311,1,4,3,No,3,3
312,2,4,4,No,3,3
314,3,3,1,No,4,3
315,3,4,3,Yes,2,2
316,3,4,2,No,2,2
319,3,4,4,No,3,3
321,2,3,4,No,2,3
323,4,4,3,No,2,3
325,3,4,3,Yes,1,3
327,4,4,3,No,3,3
328,1,1,1,Yes,4,3
329,1,3,4,No,4,2
330,3,2,1,No,3,3
331,4,3,4,Yes,1,2
332,3,3,3,No,3,3
333,3,4,1,No,3,3
334,3,1,1,No,2,3
335,1,4,1,No,3,3
336,3,4,3,No,3,4
337,2,3,1,No,3,3
338,3,4,3,No,2,2
339,4,1,2,No,3,2
340,3,1,1,No,2,2
341,1,3,4,No,3,4
342,1,3,2,Yes,3,3
343,3,3,4,No,3,3
346,3,4,1,No,3,3
347,4,1,3,No,3,4
349,4,4,4,No,3,3
350,1,3,4,No,3,3
351,4,1,3,No,3,2
352,1,3,4,No,3,3
353,3,4,2,No,2,3
355,3,2,2,Yes,4,2
359,2,2,3,No,1,4
361,4,4,4,No,3,2
362,4,1,4,No,3,2
363,3,2,2,No,2,1
364,1,3,3,Yes,1,3
366,1,2,2,No,3,2
367,2,4,2,No,3,2
369,2,1,4,No,3,4
372,3,4,2,No,3,3
373,4,4,3,No,3,3
374,4,1,3,No,3,3
376,1,2,4,Yes,2,3
377,4,4,4,No,2,3
378,3,4,2,No,4,3
379,4,3,1,No,4,2
380,1,4,1,No,3,3
381,2,2,2,No,2,4
382,1,1,3,No,3,4
384,3,2,1,No,1,3
385,1,2,1,No,2,3
386,3,3,4,No,2,3
387,2,3,3,No,3,3
388,2,4,1,No,2,3
389,2,4,4,No,3,3
390,1,1,3,No,3,3
391,4,4,2,No,3,3
392,4,3,4,Yes,1,3
393,4,4,2,No,3,3
394,1,2,4,Yes,3,3
395,4,4,4,No,3,3
396,3,1,4,No,3,3
397,3,2,4,No,3,3
399,4,2,3,No,2,3
401,4,4,2,Yes,3,2
403,2,4,3,No,2,3
404,3,2,4,No,4,3
405,3,3,3,Yes,3,3
406,3,2,3,No,2,3
407,3,4,4,No,3,4
408,4,2,4,No,3,1
410,4,2,2,No,3,3
411,4,3,1,No,3,2
412,2,1,3,No,3,4
416,2,4,2,No,2,4
417,3,4,1,No,2,4
419,2,2,3,No,3,3
420,4,3,3,No,2,2
421,1,2,3,No,3,2
422,4,3,4,No,3,1
423,3,4,3,No,3,3
424,1,1,4,No,3,2
425,1,1,1,No,3,3
426,3,4,2,No,1,3
428,4,2,2,No,3,3
429,3,1,4,No,3,3
430,3,4,1,No,3,3
431,3,3,4,No,3,2
433,3,2,1,Yes,2,2
434,3,2,2,No,2,3
436,3,2,4,No,3,2
437,4,3,1,No,3,3
438,4,4,4,No,3,3
439,1,4,3,No,2,4
440,1,4,4,Yes,2,1
441,4,4,4,No,3,3
442,3,3,1,No,3,2
444,3,4,1,No,3,2
445,4,3,1,Yes,2,3
446,2,4,3,No,2,2
447,4,3,2,No,3,3
448,3,3,2,No,4,2
449,3,2,4,No,3,3
450,4,3,4,No,2,3
451,3,1,1,No,2,3
452,4,4,1,No,3,3
453,2,4,3,No,2,1
454,2,1,4,Yes,2,1
455,2,4,3,No,3,2
456,4,3,3,No,3,2
458,2,2,1,No,3,3
460,4,4,3,No,2,3
461,3,4,2,No,3,2
462,3,4,3,No,2,3
463,4,2,1,No,3,2
464,3,2,4,No,3,3
465,3,4,3,No,2,3
466,4,2,4,No,3,2
467,2,3,1,No,3,3
468,1,4,2,No,3,3
469,4,3,1,No,2,3
470,3,3,3,No,3,3
471,3,2,3,No,3,3
473,1,3,2,No,1,3
474,3,1,1,No,3,4
475,4,3,2,No,4,3
476,3,3,2,No,3,3
477,1,4,2,No,3,2
478,1,2,3,Yes,3,2
479,4,4,2,No,3,3
481,1,4,1,No,3,2
482,4,3,3,No,3,3
483,4,3,3,No,3,4
484,1,4,3,No,2,3
485,4,3,2,Yes,3,3
486,3,1,2,No,3,3
487,3,3,3,No,4,3
488,1,2,3,Yes,3,3
491,4,4,4,No,3,2
492,3,3,1,Yes,3,2
493,3,2,4,No,3,2
494,3,2,4,Yes,3,4
495,4,4,4,No,3,3
496,3,2,3,No,3,2
497,4,2,2,No,3,3
498,2,4,4,No,3,3
499,2,3,3,No,3,2
500,3,4,3,No,2,3
501,4,3,2,No,3,3
502,1,4,2,Yes,2,4
505,3,4,3,No,3,3
507,4,3,4,No,4,3
508,3,2,1,No,3,3
510,3,1,3,Yes,3,3
511,1,2,4,No,3,3
513,2,3,2,No,3,2
514,3,4,3,Yes,3,3
515,4,1,3,No,2,3
516,4,2,3,No,3,3
517,2,1,2,No,3,3
518,3,2,4,No,2,3
520,1,2,3,No,3,2
521,2,3,2,No,3,2
522,1,1,3,No,2,3
523,3,3,1,No,3,3
524,2,1,2,No,1,3
525,4,4,1,No,3,3
526,3,3,4,No,3,3
527,2,4,2,No,3,2
529,2,3,1,No,3,3
530,4,1,3,No,3,2
531,2,3,3,No,3,3
532,3,1,4,No,2,4
533,2,3,2,No,3,3
534,2,1,3,No,3,4
536,3,1,4,No,3,3
538,1,1,3,Yes,3,3
543,4,3,3,No,3,2
544,1,4,4,No,2,3
546,4,4,4,No,1,3
547,1,3,2,No,3,3
548,3,4,3,No,3,1
549,1,1,4,No,1,3
550,3,3,3,No,2,3
551,4,4,4,No,4,2
554,1,2,2,Yes,3,3
555,4,3,4,Yes,2,1
556,4,4,3,No,3,3
558,3,3,4,No,3,3
560,1,4,2,No,1,3
562,3,4,3,No,1,3
564,2,3,3,No,3,2
565,3,2,2,Yes,4,2
566,1,4,3,Yes,4,2
567,3,1,3,No,3,3
568,1,4,3,No,2,2
569,2,3,2,No,3,2
571,3,4,3,No,2,3
573,3,1,4,No,4,2
574,1,4,3,No,3,3
575,1,3,3,No,1,3
577,4,3,3,No,3,1
578,3,3,3,No,3,3
579,4,3,3,No,3,2
580,3,4,3,No,3,2
581,3,2,4,No,4,3
582,2,3,4,Yes,4,3
584,1,4,1,Yes,3,1
585,4,2,1,No,3,3
586,4,3,3,No,3,3
587,1,3,1,Yes,3,3
590,2,1,3,Yes,3,3
591,2,3,4,No,3,3
592,2,4,4,No,2,3
593,3,3,3,Yes,3,2
595,2,4,1,No,3,3
597,1,2,4,No,3,3
599,4,4,4,No,3,3
600,2,3,3,No,3,3
601,2,3,3,No,3,3
602,3,3,1,No,3,3
604,2,4,3,No,4,3
605,4,1,4,No,2,3
606,4,2,2,No,4,3
608,2,3,2,Yes,2,3
611,4,4,2,No,4,3
612,1,3,3,No,3,4
613,3,4,3,No,2,2
614,2,2,4,Yes,3,3
615,3,1,3,No,3,1
616,1,3,1,No,3,2
618,1,3,1,No,3,3
620,1,3,4,No,3,3
621,4,4,4,No,3,4
622,3,4,2,Yes,1,1
623,2,4,4,No,4,3
624,1,3,4,No,2,3
625,2,1,2,No,3,3
626,1,2,4,No,3,3
630,4,1,2,No,3,3
631,4,3,4,Yes,3,4
632,4,4,3,No,3,3
634,3,3,3,No,3,3
635,2,2,2,No,2,3
638,4,3,3,No,3,2
639,2,4,2,No,3,4
641,1,2,4,No,4,3
643,4,2,4,No,3,2
644,1,2,3,No,3,3
645,2,3,3,No,3,3
647,1,3,4,Yes,3,3
648,2,1,3,Yes,4,2
649,2,4,4,No,3,2
650,2,1,3,Yes,1,3
652,1,4,4,No,3,2
653,1,4,4,No,4,4
655,1,3,3,No,2,2
656,4,3,3,No,2,3
657,4,2,4,No,4,2
659,3,4,2,No,3,3
661,2,4,3,No,2,2
662,3,1,4,No,2,3
663,4,3,2,No,3,3
664,4,1,1,No,1,2
665,1,3,2,No,4,2
666,3,3,4,No,3,3
667,3,1,2,Yes,3,3
669,3,3,3,No,3,3
671,4,4,1,No,4,3
675,1,3,4,No,3,3
677,3,3,4,No,3,3
679,1,4,4,No,2,3
680,3,3,3,No,3,3
682,4,1,4,No,4,3
683,2,4,4,No,2,3
684,1,1,4,Yes,3,3
686,3,4,3,No,3,3
689,3,3,3,No,3,3
690,2,3,1,No,2,3
691,2,4,2,No,3,1
692,3,4,3,No,1,3
698,3,2,3,No,4,3
699,2,2,3,No,3,2
700,1,4,4,No,3,2
701,4,3,4,Yes,3,3
702,1,1,1,Yes,3,3
704,3,3,3,No,3,2
705,1,1,1,No,4,4
707,4,2,3,No,3,4
709,4,4,1,No,3,2
710,2,4,4,No,3,1
712,2,2,4,No,3,4
714,4,4,2,No,3,4
715,4,4,1,No,3,4
716,4,3,3,No,3,4
717,4,2,2,No,4,2
720,1,3,1,Yes,3,3
721,4,3,1,No,3,2
722,4,4,4,No,2,3
723,2,3,1,Yes,3,3
724,2,4,3,No,2,4
725,3,1,4,No,3,3
727,3,4,4,No,3,3
728,4,1,4,No,3,3
729,4,1,3,No,3,2
730,3,3,3,No,3,4
731,2,4,2,No,2,2
732,1,1,4,No,3,3
733,4,1,3,No,2,3
734,4,3,2,No,3,2
738,4,2,4,No,3,3
741,1,2,4,Yes,3,1
742,1,1,1,No,3,4
743,3,3,4,No,4,3
744,1,3,3,No,3,1
746,4,3,4,No,2,3
747,3,4,4,No,2,3
749,3,3,3,No,3,3
752,3,3,4,Yes,3,4
754,4,4,3,No,3,2
757,2,3,4,No,3,3
758,2,1,4,No,4,3
760,3,2,3,No,1,4
762,3,4,3,No,2,3
763,4,4,4,No,2,2
764,4,1,1,No,1,2
766,4,2,4,No,3,3
769,4,4,4,No,3,3
771,4,1,1,No,4,3
772,1,4,4,No,3,3
773,4,3,2,No,1,3
775,2,1,3,No,3,3
776,3,1,1,No,4,2
780,4,4,3,Yes,2,3
781,3,4,2,No,2,3
783,2,3,1,No,3,1
784,1,3,4,No,3,4
785,2,3,4,Yes,3,4
786,4,4,3,No,3,3
787,4,1,4,Yes,3,3
789,1,1,2,No,3,2
791,4,4,1,No,3,3
792,1,4,1,No,3,1
793,2,3,1,No,2,3
796,4,1,3,Yes,2,2
797,2,4,3,No,3,4
799,4,1,2,No,3,3
800,3,4,2,No,3,3
802,4,1,2,No,2,3
803,1,1,4,No,3,4
804,3,1,3,No,3,2
805,1,4,2,No,2,3
806,4,3,3,No,3,1
807,3,2,4,No,3,4
808,3,1,2,No,3,3
809,2,4,2,No,2,3
811,3,1,3,Yes,3,4
812,3,2,3,No,3,2
813,4,3,2,No,3,3
815,3,3,4,No,3,3
816,2,1,4,Yes,3,2
817,3,3,4,No,4,3
819,1,1,3,Yes,3,3
820,3,4,3,No,2,3
823,3,2,1,No,3,3
824,3,3,3,No,3,4
825,4,2,4,Yes,3,3
826,4,3,3,No,3,4
827,4,4,4,No,3,2
828,3,3,4,Yes,2,3
829,3,2,2,No,3,3
830,3,3,3,No,3,2
832,1,3,4,No,3,2
833,3,4,2,No,2,2
834,2,3,4,No,3,2
836,2,2,4,No,2,3
837,1,1,3,No,2,2
838,3,4,3,No,3,2
840,3,4,1,Yes,4,3
842,3,4,3,Yes,2,3
843,2,1,3,No,3,3
844,3,4,2,No,3,2
845,3,3,2,No,4,3
846,2,2,1,No,3,3
847,3,4,3,No,1,3
848,3,3,1,Yes,3,2
850,4,4,3,No,2,3
851,1,3,3,No,2,3
852,4,2,4,No,2,3
854,1,1,3,No,2,4
855,1,1,1,No,3,4
856,3,1,4,No,2,2
857,2,4,4,No,2,3
859,2,4,3,No,2,3
861,2,4,2,No,2,2
862,1,4,4,No,3,2
864,4,1,3,No,3,3
865,3,3,3,No,2,4
867,3,4,3,No,3,2
868,4,3,4,No,3,2
869,2,4,4,No,3,2
872,4,4,1,No,1,2
874,1,4,3,No,2,4
875,2,4,4,No,3,3
878,1,1,3,No,3,2
879,3,1,4,No,3,3
880,4,3,2,No,3,2
881,4,2,1,Yes,2,3
882,4,4,2,No,3,3
885,3,1,1,No,4,2
887,3,1,2,No,3,3
888,1,4,4,No,2,2
889,2,2,4,No,3,3
893,2,2,4,No,3,2
894,3,4,2,No,2,4
895,4,4,2,No,3,3
896,2,3,3,Yes,3,2
897,1,4,3,No,3,3
899,4,2,1,No,3,2
900,3,4,2,No,3,3
901,4,4,3,No,3,3
902,4,4,2,No,2,3
903,3,4,1,No,3,3
904,1,2,4,No,3,3
905,1,1,4,No,3,3
909,4,4,3,No,3,2
910,4,2,3,No,4,3
911,1,4,3,Yes,1,3
912,1,4,3,No,3,2
913,2,1,4,No,3,3
916,1,4,2,No,3,3
918,4,4,4,Yes,2,2
920,1,2,3,No,4,3
922,3,3,4,Yes,2,2
923,4,4,1,Yes,2,3
924,3,4,1,No,2,3
925,4,4,1,No,2,2
926,2,3,1,Yes,4,3
927,2,4,3,Yes,2,1
930,3,3,2,No,3,3
932,4,1,4,Yes,1,3
933,2,3,3,No,3,3
934,2,2,2,No,3,3
936,3,3,1,No,3,2
939,3,1,2,No,3,2
940,3,2,4,No,3,2
941,2,3,2,No,4,2
942,4,4,4,No,1,3
944,1,2,3,No,2,3
945,4,3,1,No,2,3
947,4,3,4,No,2,3
949,2,4,3,No,3,3
950,4,1,2,No,3,3
951,3,2,3,No,3,2
952,3,2,3,Yes,3,2
954,1,2,2,No,2,2
956,3,1,2,No,3,2
957,4,1,3,No,3,3
958,3,3,3,No,3,3
959,4,2,2,Yes,4,2
960,1,1,2,Yes,3,3
961,4,4,3,No,1,3
964,4,2,4,No,3,3
966,3,1,3,No,4,3
967,3,4,1,Yes,3,2
969,2,4,1,No,3,2
970,1,3,3,Yes,1,2
972,3,2,2,No,2,3
974,3,4,2,No,3,3
975,3,3,2,No,3,3
976,4,4,2,No,2,3
977,4,3,1,Yes,3,3
981,3,3,3,No,4,3
982,3,3,1,No,4,3
983,3,4,2,No,3,3
984,4,4,2,No,3,3
985,1,3,4,No,3,4
986,2,2,4,Yes,2,4
987,3,3,3,No,4,4
990,1,4,4,No,3,3
991,3,1,1,Yes,3,2
992,4,3,4,No,3,3
994,4,1,3,Yes,3,2
995,2,4,1,No,3,3
996,4,4,4,No,3,3
997,4,4,3,No,2,3
998,3,2,1,No,3,4
999,1,3,2,No,4,3
1001,3,2,2,No,3,3
1002,4,1,3,No,3,3
1003,4,4,3,No,3,3
1004,1,3,2,Yes,3,3
1005,4,3,4,No,3,3
1006,3,3,2,No,2,3
1007,4,3,2,No,3,3
1009,4,3,2,No,3,2
1010,3,2,4,Yes,1,2
1011,3,1,3,No,3,3
1012,2,4,4,No,3,3
1013,3,3,3,No,3,3
1014,3,3,3,No,2,3
1015,2,1,3,No,2,4
1016,4,1,1,Yes,3,2
1017,2,2,1,Yes,3,3
1018,4,4,2,No,3,4
1019,2,1,1,No,2,1
1022,1,3,4,No,3,2
1024,3,3,2,No,3,2
1025,4,3,2,No,3,3
1026,4,4,3,No,3,2
1027,1,4,2,No,3,3
1028,2,4,1,No,2,3
1029,4,3,2,No,4,3
1030,1,4,2,No,3,3
1032,3,4,1,No,3,2
1033,1,2,1,Yes,1,1
1034,3,2,4,No,3,3
1035,2,3,2,No,3,1
1036,2,4,3,No,3,3
1037,2,1,4,Yes,3,1
1038,1,4,4,Yes,3,1
1039,4,4,3,No,3,4
1040,4,3,1,No,3,3
1042,3,1,3,Yes,3,4
1043,4,1,3,No,3,3
1044,2,4,4,No,2,2
1045,4,4,2,No,4,3
1046,4,3,2,No,3,3
1047,2,4,4,No,2,4
1048,2,4,3,No,1,3
1049,2,2,1,No,3,3
1050,3,2,1,No,3,2
1052,1,3,2,Yes,2,3
1053,1,1,2,Yes,3,3
1055,3,3,4,No,3,3
1056,4,2,2,No,3,3
1060,3,3,1,No,3,3
1061,2,3,4,No,2,3
1062,4,2,1,No,2,3
1066,3,1,2,No,2,3
1068,1,3,3,No,3,2
1069,4,4,4,No,3,3
1070,3,3,2,No,3,2
1071,1,3,2,No,3,3
1073,4,4,2,No,2,2
1074,3,1,2,No,4,2
1076,3,4,3,No,3,2
1077,4,4,2,Yes,3,3
1079,3,1,1,Yes,2,2
1080,4,1,1,No,3,2
1081,1,3,3,Yes,4,3
1082,2,1,1,Yes,2,2
1083,1,1,1,No,3,2
1084,3,1,3,No,2,3
1085,2,3,3,No,3,4
1088,3,3,1,No,2,2
1092,1,4,4,No,3,3
1094,1,3,4,No,3,1
1096,4,2,2,No,3,3
1097,3,3,4,No,4,3
1098,2,1,4,Yes,3,2
1099,4,4,3,No,3,2
1100,4,1,1,Yes,3,3
1101,1,3,2,Yes,3,2
1102,1,3,4,No,2,3
1103,1,4,3,No,2,3
1105,4,4,3,No,3,2
1106,4,4,2,Yes,4,3
1107,1,3,3,Yes,2,3
1108,1,2,2,Yes,3,2
1109,4,1,4,No,3,3
1111,1,2,1,Yes,3,2
1113,4,3,4,Yes,3,3
1114,4,2,3,No,3,3
1115,3,4,4,No,3,2
1116,1,4,3,No,2,4
1117,2,3,4,No,3,2
1118,2,2,4,No,3,3
1119,3,3,2,No,3,2
1120,3,4,1,No,3,3
1121,4,2,2,No,2,3
1124,1,3,4,No,3,3
1125,4,2,3,No,3,3
1126,3,1,3,No,3,3
1127,1,4,4,Yes,3,3
1128,3,3,1,No,4,2
1131,4,2,3,No,4,2
1132,3,2,3,No,2,3
1133,1,4,1,No,3,3
1135,3,4,1,No,3,4
1136,1,2,1,No,1,2
1137,4,4,4,No,3,3
1138,4,2,2,No,3,2
1140,4,3,4,No,2,3
1143,4,2,4,No,2,3
1148,2,4,1,No,3,1
1150,2,4,3,No,2,2
1152,3,3,4,No,4,4
1154,3,3,4,No,3,2
1156,3,3,4,Yes,3,3
1157,1,1,1,Yes,3,3
1158,2,4,1,No,3,3
1160,3,3,3,Yes,2,3
1161,3,4,3,No,3,2
1162,4,3,3,No,3,2
1163,2,3,1,No,2,3
1164,3,3,2,No,1,3
1165,4,1,1,Yes,1,2
1166,2,3,3,No,2,3
1167,3,1,2,Yes,2,3
1171,2,1,4,No,4,3
1172,4,3,2,No,3,2
1173,4,2,4,No,3,3
1175,3,4,4,Yes,2,3
1177,1,4,2,No,3,4
1179,3,3,1,No,3,2
1180,3,4,4,No,1,2
1182,3,2,2,No,4,2
1184,4,1,3,No,3,2
1185,4,4,2,No,4,2
1188,1,3,2,Yes,2,1
1190,3,1,3,No,3,3
1191,4,1,4,No,3,3
1192,2,4,1,No,3,3
1193,3,1,3,No,3,3
1195,1,3,3,No,2,3
1196,4,4,2,No,2,2
1198,1,3,1,No,2,2
1200,3,3,3,Yes,3,3
1201,4,3,2,No,3,3
1202,2,4,1,No,2,1
1203,3,4,2,Yes,3,2
1204,3,1,1,No,3,3
1206,4,3,4,No,3,1
1207,2,3,4,No,3,3
1210,1,1,1,Yes,1,2
1211,3,1,3,No,3,3
1212,2,2,4,No,3,3
1215,4,1,3,No,3,3
1216,4,1,3,No,3,2
1217,4,2,1,No,3,3
1218,3,1,4,No,3,3
1219,4,2,1,Yes,1,3
1220,2,3,1,No,2,3
1221,3,3,3,No,3,1
1224,3,3,1,No,2,3
1225,4,4,2,No,3,3
1226,3,4,4,No,3,4
1228,4,4,3,No,2,3
1231,4,1,1,No,4,4
1233,2,4,2,No,3,4
1234,3,2,3,No,3,2
1235,4,3,4,No,3,3
1237,3,1,3,No,3,1
1238,1,4,2,No,3,3
1239,2,2,2,No,4,2
1240,3,4,2,No,3,3
1241,4,2,1,No,3,3
1242,1,1,3,No,3,3
1243,3,4,2,No,2,2
1244,1,1,4,No,2,3
1245,4,3,1,No,1,3
1246,1,4,4,No,3,4
1248,1,2,2,Yes,4,2
1249,1,4,1,No,3,3
1250,4,4,1,No,3,3
1251,3,1,4,No,2,3
1252,3,1,2,No,3,2
1254,3,4,4,No,3,2
1255,3,4,2,No,3,1
1256,1,3,3,No,4,2
1257,3,2,3,No,2,3
1258,4,2,3,No,2,4
1259,1,3,2,No,3,3
1260,3,4,2,No,3,3
1263,4,4,3,No,4,2
1264,4,4,2,No,2,2
1265,3,3,4,No,2,4
1267,2,2,3,No,3,3
1268,4,3,4,No,3,4
1269,2,4,4,No,3,4
1270,4,3,4,No,3,3
1273,3,4,4,Yes,3,1
1275,3,4,2,No,2,3
1277,1,2,1,Yes,3,1
1278,4,2,4,No,3,2
1279,1,3,3,Yes,1,2
1280,4,2,3,No,3,2
1281,3,1,4,No,3,3
1282,4,2,1,No,2,3
1283,4,4,4,No,2,3
1285,3,2,3,No,4,3
1286,4,3,3,No,2,3
1288,3,1,4,No,2,4
1289,3,2,4,No,4,2
1291,3,3,4,No,3,3
1292,2,2,4,No,3,4
1293,4,4,4,No,4,2
1294,3,2,4,No,3,3
1295,1,4,4,Yes,3,3
1296,4,4,2,No,3,2
1297,2,3,2,No,2,2
1298,3,3,3,No,3,3
1299,2,3,1,Yes,3,3
1301,4,1,2,No,2,3
1303,4,2,4,No,2,3
1304,3,4,3,No,4,4
1306,2,2,3,No,3,3
1307,3,2,4,No,3,2
1308,1,3,4,No,3,3
1309,4,3,1,Yes,3,3
1310,3,1,1,Yes,3,3
1311,1,4,1,No,3,2
1312,4,3,1,No,3,3
1314,4,1,3,No,4,3
1315,3,4,1,No,3,1
1317,4,1,2,No,3,3
1318,4,2,3,Yes,3,2
1319,2,2,3,Yes,2,3
1321,2,1,4,No,3,3
1322,1,3,1,No,3,3
1324,4,3,1,No,2,3
1329,3,2,1,No,3,1
1331,4,2,1,Yes,4,3
1333,1,1,3,Yes,4,3
1334,3,3,4,No,2,3
1336,4,3,4,No,3,1
1338,4,2,1,No,3,3
1340,3,3,2,No,3,3
1344,4,4,4,No,2,3
1346,3,4,3,No,3,3
1349,3,1,4,No,3,3
1350,3,3,2,No,3,3
1352,3,2,2,No,3,3
1355,2,1,4,No,3,3
1356,3,1,4,No,4,3
1358,4,4,3,No,2,3
1360,3,1,4,Yes,2,2
1361,2,2,3,No,3,3
1362,1,1,4,No,2,4
1363,4,4,3,No,3,3
1364,3,4,2,No,3,4
1367,4,2,2,No,2,2
1368,4,4,3,No,4,3
1369,4,4,2,No,3,2
1371,4,4,2,No,3,1
1372,1,3,3,Yes,2,4
1373,4,2,1,No,3,3
1374,1,3,3,No,3,2
1375,2,3,2,No,3,4
1377,2,3,1,No,3,3
1379,3,4,3,Yes,4,2
1380,4,3,3,Yes,2,3
1382,4,3,4,No,3,4
1383,3,4,4,No,4,3
1387,3,1,3,No,3,2
1389,4,3,4,Yes,2,3
1390,1,4,4,No,4,2
1391,2,2,2,No,3,3
1392,4,4,1,No,2,3
1394,3,3,4,No,3,3
1395,2,4,1,No,4,3
1396,3,2,1,No,2,3
1397,3,3,2,No,3,3
1399,1,3,2,No,2,4
1401,4,3,2,No,2,4
1402,1,3,1,No,1,2
1403,4,4,4,No,3,2
1405,4,3,4,Yes,3,3
1407,1,4,4,No,3,2
1408,3,1,3,No,3,3
1409,3,1,3,No,1,3
1411,1,3,1,No,3,3
1412,3,4,3,No,3,3
1415,1,4,2,No,2,3
1417,3,1,4,No,3,4
1419,2,1,1,No,2,2
1420,1,1,1,Yes,3,2
1421,3,4,1,Yes,3,3
1422,4,4,4,No,2,3
1423,4,1,3,No,3,3
1424,2,4,4,No,4,4
1425,1,2,4,No,3,3
1427,2,3,2,Yes,3,1
1428,4,1,2,No,3,3
1430,1,2,3,No,4,3
1431,4,1,3,No,3,3
1433,1,2,3,Yes,4,2
1434,2,1,2,No,4,3
1435,1,4,3,No,2,2
1436,3,1,1,No,2,2
1438,1,4,3,No,2,3
1439,1,1,1,Yes,3,2
1440,3,3,1,No,1,4
1441,1,1,4,No,4,3
1443,1,3,2,No,4,3
1445,4,3,3,No,3,3
1446,4,4,3,No,2,3
1447,4,2,1,No,2,2
1448,2,3,1,No,2,4
1449,3,3,3,No,4,3
1453,1,4,1,No,3,3
1457,1,4,1,Yes,4,3
1458,1,1,2,Yes,4,2
1459,3,2,1,Yes,3,4
1460,2,1,2,No,3,1
1461,4,2,4,No,3,4
1464,2,4,3,Yes,1,3
1465,2,4,4,No,4,3
1466,3,1,1,No,3,3
1467,1,3,4,Yes,3,3
1468,4,2,3,No,3,2
1469,4,1,4,No,3,3
1471,3,3,4,No,3,2
1472,4,2,2,No,2,4
1473,1,3,2,No,2,3
1474,3,3,3,No,4,3
1475,4,2,3,No,2,3
1477,4,1,1,No,3,3
1478,4,1,4,No,3,1
1479,4,3,3,No,2,3
1480,1,4,3,No,3,3
1481,1,3,3,No,2,3
1482,3,3,2,No,2,3
1483,2,3,1,No,2,4
1484,3,2,2,No,3,3
1485,2,1,4,No,2,3
1486,1,3,4,Yes,4,3
1487,1,2,1,Yes,1,3
1489,1,2,3,Yes,4,2
1492,4,3,1,No,3,3
1494,2,1,3,Yes,2,3
1495,4,2,3,No,3,3
1496,2,3,2,No,2,3
1497,3,3,3,No,3,2
1499,3,3,1,No,4,3
1501,4,3,2,No,3,3
1502,1,2,4,No,3,2
1503,3,3,3,No,2,3
1504,3,1,3,Yes,2,2
1506,1,3,4,No,1,2
1507,3,1,4,No,3,3
1509,3,1,1,No,3,2
1513,4,2,3,No,3,3
1514,3,2,2,No,2,1
1515,4,3,1,No,3,3
1516,3,4,2,No,4,3
1520,2,4,1,No,3,3
1522,1,1,3,Yes,1,2
1523,4,1,3,No,4,3
1525,2,2,4,No,3,3
1527,3,2,4,No,4,3
1529,4,2,4,No,1,2
1533,1,3,2,No,3,3
1534,4,1,2,Yes,1,3
1535,4,3,4,No,3,2
1537,4,3,1,Yes,1,3
1539,3,4,4,No,3,1
1541,2,3,2,No,3,3
1542,3,2,2,No,3,2
1543,1,4,1,No,3,3
1544,3,1,3,No,3,1
1545,4,2,4,No,3,2
1546,4,4,4,No,3,3
1547,4,4,3,No,1,3
1548,1,1,4,No,4,3
1549,2,3,2,No,3,3
1550,3,4,4,No,3,3
1551,3,1,2,No,3,2
1552,4,4,3,No,3,3
1553,1,2,1,No,3,3
1554,2,3,1,No,3,2
1555,4,2,1,No,3,2
1556,3,4,4,No,2,3
1557,3,3,3,No,3,3
1558,3,3,1,No,2,4
1560,1,1,4,No,1,3
1562,2,1,4,Yes,3,2
1563,3,3,3,No,3,3
1564,4,1,2,No,3,2
1568,3,2,2,No,3,3
1569,1,1,4,Yes,3,3
1572,3,4,2,Yes,3,2
1573,3,2,1,Yes,3,3
1574,4,1,2,No,2,3
1576,3,1,4,No,2,3
1577,1,4,3,No,1,3
1578,3,4,3,No,3,2
1580,2,4,2,No,2,3
1581,1,4,1,No,3,3
1582,3,2,4,No,3,3
1583,2,2,2,No,4,3
1585,2,3,1,No,3,3
1586,2,1,4,No,3,3
1587,1,3,3,No,3,3
1588,4,3,1,No,3,4
1590,1,4,4,No,4,3
1591,3,3,3,No,3,3
1592,4,3,4,No,3,4
1594,1,1,4,No,3,4
1595,4,4,4,No,3,2
1596,2,3,4,No,2,4
1597,4,3,2,No,2,2
1598,4,1,3,No,3,3
1599,4,2,3,No,3,4
1601,3,4,4,No,2,2
1602,4,1,2,No,1,4
1604,3,2,3,Yes,3,3
1605,2,3,2,No,2,2
1606,2,3,3,No,3,3
1607,2,4,4,No,3,4
1608,2,4,4,No,2,3
1609,2,2,2,No,2,2
1611,3,1,1,No,3,1
1612,1,1,1,No,3,2
1613,4,1,4,No,3,3
1614,3,3,2,No,3,3
1615,3,4,1,No,3,4
1617,3,1,4,No,2,3
1618,2,1,4,No,3,3
1619,4,1,1,No,3,2
1621,2,1,4,No,3,4
1622,2,1,2,No,2,1
1623,3,4,3,No,3,3
1624,2,4,3,Yes,4,3
1625,4,3,3,No,3,3
1627,3,3,4,No,3,2
1628,1,3,4,No,3,2
1630,3,3,4,No,3,3
1631,3,3,1,No,2,3
1633,1,3,4,No,1,3
1635,4,4,1,No,3,2
1638,4,3,4,No,4,2
1639,4,1,3,Yes,3,2
1640,2,2,1,No,1,3
1641,3,4,4,No,2,3
1642,1,4,3,No,3,3
1644,3,4,2,No,3,2
1645,1,4,4,Yes,2,1
1646,1,4,3,No,3,3
1647,2,3,1,No,3,4
1648,4,4,3,No,2,3
1649,1,1,2,Yes,1,3
1650,3,3,3,No,3,2
1651,2,1,3,No,3,3
1653,4,3,3,No,3,4
1654,4,2,3,No,3,3
1655,1,2,2,No,3,3
1656,4,1,3,No,3,2
1657,3,3,1,No,3,3
1658,4,2,3,No,3,3
1659,1,2,3,No,3,3
1661,3,3,2,No,3,2
1662,4,3,3,No,3,2
1664,4,1,1,No,3,4
1665,2,3,3,No,3,3
1666,3,3,1,No,3,2
1667,4,4,1,Yes,4,3
1668,4,4,4,No,4,3
1669,1,2,2,No,2,2
1670,4,4,3,No,3,3
1671,4,2,3,No,2,3
1673,1,4,1,No,3,3
1674,4,1,2,No,2,3
1675,4,2,2,No,3,2
1676,2,2,3,No,3,4
1677,3,3,1,No,3,3
1678,4,3,4,No,3,3
1680,4,1,1,No,3,3
1681,3,4,3,No,3,3
1682,1,3,2,No,2,3
1683,3,4,1,No,3,3
1684,4,3,1,Yes,3,2
1687,4,3,4,No,2,3
1689,2,4,3,No,3,4
1691,4,3,3,Yes,3,3
1692,4,2,1,Yes,3,3
1693,4,4,3,No,3,3
1694,1,2,4,No,3,2
1696,2,4,3,No,4,2
1697,3,4,3,No,4,1
1698,2,2,4,No,3,4
1700,3,4,3,No,2,1
1701,2,4,2,No,3,2
1702,3,4,2,Yes,3,3
1703,3,4,2,No,3,4
1704,1,4,3,No,4,2
1706,4,4,1,No,3,3
1707,3,3,4,No,3,4
1708,4,3,2,No,3,3
1709,4,3,3,No,3,3
1710,3,4,3,No,2,3
1712,3,3,4,No,2,2
1714,4,3,3,Yes,3,1
1716,3,3,3,Yes,1,1
1718,4,3,3,No,4,1
1719,4,2,3,No,3,2
1720,1,3,1,No,2,3
1721,2,3,4,No,4,3
1722,3,2,2,No,3,1
1724,2,1,2,No,3,3
1725,2,1,2,No,4,3
1727,3,2,4,No,3,3
1728,4,3,2,No,3,3
1729,2,4,2,No,2,3
1731,3,2,4,No,1,3
1732,3,4,2,No,2,3
1733,2,1,2,Yes,3,2
1734,1,2,2,Yes,3,1
1735,3,2,3,No,1,3
1736,4,4,4,No,2,3
1737,4,4,4,No,3,3
1739,4,3,3,No,1,1
1740,2,2,2,No,2,3
1744,3,3,3,No,4,1
1745,4,1,4,No,3,2
1746,1,4,4,No,3,3
1747,3,4,3,Yes,2,2
1749,1,3,3,No,3,3
1751,3,4,3,No,2,3
1752,2,2,3,Yes,3,1
1753,4,3,4,No,4,4
1754,3,1,1,No,3,2
1755,4,4,1,No,3,4
1756,4,2,4,No,2,3
1757,4,4,3,No,4,3
1758,1,1,3,Yes,2,3
1760,3,2,2,No,2,2
1761,1,3,1,Yes,3,3
1762,4,1,3,No,3,2
1763,3,3,3,No,3,4
1764,2,2,2,No,3,3
1766,2,4,3,No,3,1
1767,3,3,4,Yes,3,2
1768,2,2,2,No,2,3
1770,3,1,2,No,3,2
1771,4,2,4,No,2,3
1772,3,1,2,No,3,3
1774,4,3,3,No,3,3
1775,1,3,4,No,2,2
1778,2,4,2,No,3,3
1779,4,4,1,No,3,1
1780,2,2,2,Yes,3,3
1782,4,3,2,No,3,2
1783,3,1,3,Yes,3,3
1784,1,4,1,No,3,2
1786,1,3,4,No,3,3
1787,2,2,1,No,3,2
1789,3,4,3,No,3,3
1790,4,1,4,No,3,3
1792,3,2,3,Yes,2,3
1794,3,2,3,No,2,3
1797,3,4,4,Yes,3,3
1798,4,1,2,No,3,4
1799,3,4,3,No,4,3
1800,3,3,3,No,3,3
1801,2,2,3,No,3,2
1802,3,1,4,No,2,3
1803,2,1,3,No,2,4
1804,2,4,3,No,3,3
1805,1,2,4,No,3,3
1807,4,1,3,Yes,2,3
1809,4,1,2,Yes,1,3
1812,3,4,4,No,3,3
1813,1,3,3,No,2,3
1814,2,2,1,No,1,4
1815,3,3,4,No,4,3
1816,1,3,2,No,3,3
1818,4,2,3,Yes,3,3
1821,4,2,4,Yes,4,3
1822,3,4,4,No,3,3
1823,2,3,3,No,3,4
1824,2,2,4,No,2,3
1826,2,3,2,No,4,1
1827,3,2,3,No,3,2
1829,2,1,2,No,3,3
1830,4,4,2,No,2,3
1833,1,1,4,No,3,3
1834,3,1,3,No,3,3
1835,2,4,1,No,2,1
1836,3,4,1,No,3,3
1837,1,3,2,No,3,3
1839,2,3,3,No,1,3
1842,4,1,3,Yes,3,4
1844,1,1,4,Yes,3,2
1845,3,3,2,No,4,3
1847,4,2,4,No,3,3
1849,1,4,3,No,3,3
1850,4,4,3,No,2,3
1852,4,4,2,No,4,3
1853,4,4,3,No,4,3
1854,3,3,2,No,2,3
1856,2,3,3,No,3,3
1857,4,4,3,No,2,3
1858,3,4,2,No,3,3
1859,4,3,4,No,3,1
1860,4,3,4,No,3,3
1862,3,2,3,Yes,2,2
1863,1,1,4,No,3,4
1864,2,3,4,No,3,2
1865,4,2,4,No,3,2
1866,1,3,4,No,3,2
1867,4,2,4,No,3,2
1868,4,4,2,Yes,2,2
1869,3,2,3,Yes,3,3
1870,4,1,4,No,2,2
1871,4,4,2,No,3,3
1873,2,4,2,No,4,2
1875,2,2,4,No,3,3
1876,2,4,3,Yes,2,3
1878,4,2,1,Yes,3,3
1880,2,3,1,No,3,2
1881,2,3,1,No,3,3
1882,3,4,4,No,3,3
1883,4,1,2,No,3,3
1885,4,1,3,No,3,3
1886,4,2,4,No,3,2
1888,2,4,4,No,2,2
1890,2,4,4,No,2,2
1892,1,1,1,No,3,3
1893,2,3,3,No,2,2
1898,1,3,2,No,2,4
1900,4,4,2,No,3,3
1903,2,1,4,No,3,4
1905,4,1,2,Yes,3,1
1907,1,4,4,Yes,3,3
1908,3,2,3,No,1,2
1909,3,2,3,No,3,3
1911,3,1,2,No,4,3
1912,3,4,4,No,3,3
1915,4,4,3,No,2,2
1916,1,3,2,No,2,4
1918,3,4,1,No,3,4
1922,2,3,3,No,3,3
1924,2,3,2,No,2,3
1927,3,4,3,No,3,2
1928,3,1,4,Yes,3,4
1929,1,3,3,No,3,1
1931,2,2,3,No,2,3
1932,3,4,2,No,3,2
1933,4,3,4,Yes,3,3
1934,3,2,3,No,4,3
1935,4,1,3,No,3,2
1936,1,1,4,No,3,3
1937,4,2,3,No,3,2
1938,4,4,3,No,2,3
1939,1,3,1,Yes,3,4
1940,2,4,4,No,4,3
1941,2,4,4,No,3,3
1943,2,4,3,No,3,3
1944,1,2,1,Yes,3,2
1945,2,1,4,No,1,3
1947,3,3,3,No,2,3
1948,3,1,4,No,4,3
1949,1,2,2,No,3,4
1950,1,4,1,No,2,3
1951,4,3,3,No,2,3
1952,3,1,4,No,2,3
1954,1,1,1,No,2,3
1955,3,4,2,No,3,3
1956,4,1,2,No,3,1
1960,3,4,1,Yes,2,2
1961,1,1,1,No,2,2
1962,3,4,4,No,3,3
1965,4,4,1,No,3,3
1966,4,4,2,No,3,2
1967,1,4,3,Yes,3,3
1968,1,1,2,Yes,2,3
1969,1,3,3,No,2,3
1970,4,3,3,No,3,3
1971,1,3,2,No,3,3
1972,4,2,2,No,3,3
1973,3,2,1,No,3,4
1974,4,4,3,No,3,1
1975,2,1,1,No,3,3
1976,4,3,4,No,3,2
1979,3,3,3,No,4,3
1980,3,1,4,No,3,3
1981,2,3,2,No,2,2
1982,4,4,3,No,4,3
1985,4,3,1,No,4,3
1986,2,2,3,No,3,3
1987,3,2,3,No,3,3
1989,4,2,3,No,2,3
1992,4,3,3,No,2,3
1993,1,3,2,No,3,3
1994,2,3,3,No,2,2
1995,4,2,1,No,3,3
1996,1,3,3,No,3,3
1997,1,3,4,No,3,2
1998,4,1,3,No,2,3
1999,4,4,1,No,3,3
2000,3,2,1,No,1,3
2003,4,3,3,No,3,3
2007,4,3,4,No,4,3
2008,2,3,2,No,3,3
2009,2,4,1,No,3,3
2010,3,2,3,No,3,2
2012,1,4,3,No,2,3
2013,2,2,2,No,3,2
2014,1,4,1,No,3,3
2015,2,3,1,No,3,1
2016,3,4,3,No,3,3
2017,3,4,1,No,3,4
2018,1,3,2,No,2,3
2019,1,4,2,No,2,3
2020,2,4,3,No,3,3
2021,3,1,4,No,3,3
2022,4,4,3,No,2,3
2023,4,1,1,Yes,2,3
2024,1,4,3,No,3,2
2025,4,2,2,No,3,3
2026,3,3,1,No,2,3
2027,1,4,2,Yes,4,3
2031,1,3,1,No,2,3
2032,4,3,4,Yes,1,3
2034,1,2,3,No,3,2
2035,4,3,4,No,3,2
2036,4,4,1,No,2,1
2037,3,2,3,No,3,2
2038,4,1,4,No,3,3
2040,3,4,3,No,3,3
2041,1,4,3,No,3,3
2044,2,3,4,Yes,3,3
2045,2,4,1,No,2,2
2046,4,3,3,No,3,3
2048,3,3,4,No,3,2
2049,3,3,4,No,4,3
2051,3,3,2,No,3,3
2052,3,4,4,No,3,1
2053,4,2,1,No,3,2
2054,4,1,2,No,1,2
2055,4,1,2,Yes,3,2
2056,2,4,1,No,2,2
2057,2,1,2,No,3,3
2060,4,3,4,No,3,2
2061,3,4,3,No,3,4
2062,4,1,1,No,3,2
2064,2,2,2,No,3,4
2065,4,2,4,No,2,2
2068,2,3,1,No,4,4
